VBCSCompilerPreWarmer: pre-warm launched (dotnet PID 52504)
VBCSCompiler prewarm took 4.38 ms
[Licensing::Module] Trying to connect to existing licensing client channel...
Built from '6000.6/respin/6000.6.0f1-fa21a270ab12' branch; Version is '6000.6.0f1 (f7f8ed4d1e24) revision 16251117'; Using compiler version '194234433'; Build Type 'Release'
[Licensing::IpcConnector] Channel LicenseClient-manmi doesn't exist
OS: 'Windows 11  (10.0.26200) Professional' Language: 'de' Physical Memory: 65349 MB
BatchMode: 1, IsHumanControllingUs: 0, StartBugReporterOnCrash: 0, Is64bit: 1
System  architecture: x64
Process architecture: x64
Date: 2026-09-14T07:29:27Z
[Licensing::Module] Successfully launched the LicensingClient (PId: 28056)
[Licensing::IpcConnector] Successfully connected to: "LicenseClient-manmi" at "2026-09-14T07:29:27.6249584Z"
[Licensing::Client] Code 10 while verifying Licensing Client signature (process Id: 28056, path: "C:/Program Files/Unity/Hub/Editor/6000.6.0f1/Editor/Data/Resources/Licensing/Client/Unity.Licensing.Client.exe")
[Licensing::Module] LicensingClient has failed validation; ignoring

COMMAND LINE ARGUMENTS:
C:\Program Files\Unity\Hub\Editor\6000.6.0f1\Editor\Unity.exe
-batchmode
-nographics
-quit
-projectPath
E:\Programming Projekte\worktrees\wt-agent-root-digital-dojo
-buildTarget
Android
-executeMethod
GameRegressionChecks.BuildAndroidCandidate
-logFile
E:\Programming Projekte\worktrees\wt-agent-root-digital-dojo\artifacts\validation\unity-player-build.log
Successfully changed project path to: E:\Programming Projekte\worktrees\wt-agent-root-digital-dojo
E:/Programming Projekte/worktrees/wt-agent-root-digital-dojo
[UnityMemory] Configuration Parameters - Can be set up in boot.config
    "memorysetup-temp-allocator-size-gi-baking-worker=262144"
    "memorysetup-temp-allocator-size-gi-baking-worker=262144"
    "memorysetup-temp-allocator-size-gi-baking-worker=262144"
    "memorysetup-temp-allocator-size-gi-baking-worker=262144"
    "memorysetup-temp-allocator-size-gi-baking-worker=262144"
    "memorysetup-temp-allocator-size-nav-mesh-worker=65536"
    "memorysetup-temp-allocator-size-audio-worker=65536"
    "memorysetup-temp-allocator-size-cloud-worker=32768"
    "memorysetup-temp-allocator-size-gfx=262144"
    "memorysetup-remapper-allocator-initial-capacity=32768"
    "memorysetup-temp-allocator-size-preload-manager=33554432"
    "memorysetup-allocator-temp-initial-block-size-main=262144"
    "memorysetup-allocator-temp-initial-block-size-worker=262144"
    "memorysetup-temp-allocator-size-job-worker=262144"
    "memorysetup-temp-allocator-size-background-worker=32768"
    "memorysetup-bucket-allocator-granularity=16"
    "memorysetup-bucket-allocator-bucket-count=8"
    "memorysetup-bucket-allocator-block-size=33554432"
    "memorysetup-bucket-allocator-block-count=8"
    "memorysetup-main-allocator-block-size=16777216"
    "memorysetup-thread-allocator-block-size=16777216"
    "memorysetup-main-allocator-mimalloc-enabled=1"
    "memorysetup-gfx-main-allocator-block-size=16777216"
    "memorysetup-gfx-thread-allocator-block-size=16777216"
    "memorysetup-cache-allocator-block-size=4194304"
    "memorysetup-typetree-allocator-block-size=2097152"
    "memorysetup-profiler-bucket-allocator-granularity=16"
    "memorysetup-profiler-bucket-allocator-bucket-count=8"
    "memorysetup-profiler-bucket-allocator-block-size=33554432"
    "memorysetup-profiler-bucket-allocator-block-count=8"
    "memorysetup-profiler-allocator-block-size=16777216"
    "memorysetup-profiler-editor-allocator-block-size=1048576"
    "memorysetup-temp-allocator-size-main=16777216"
    "memorysetup-job-temp-allocator-block-size=2097152"
    "memorysetup-job-temp-allocator-block-size-background=1048576"
    "memorysetup-job-temp-allocator-reduction-small-platforms=262144"
Logging is directed to a specific file, skipping project log.
Player connection [46420]  Target information:

Player connection [46420]  * "[IP] 169.254.123.79 [Port] 55504 [Flags] 2 [Guid] 1025496087 [EditorId] 1025496087 [Version] 1048832 [Id] WindowsEditor(7,Minh-PC) [Debug] 1 [PackageName] WindowsEditor [ProjectName] Editor"

Player connection [46420]  * "[IP] 192.168.253.1 [Port] 55504 [Flags] 2 [Guid] 1025496087 [EditorId] 1025496087 [Version] 1048832 [Id] WindowsEditor(7,Minh-PC) [Debug] 1 [PackageName] WindowsEditor [ProjectName] Editor"

Player connection [46420]  * "[IP] 192.168.150.1 [Port] 55504 [Flags] 2 [Guid] 1025496087 [EditorId] 1025496087 [Version] 1048832 [Id] WindowsEditor(7,Minh-PC) [Debug] 1 [PackageName] WindowsEditor [ProjectName] Editor"

Player connection [46420]  * "[IP] 172.18.96.1 [Port] 55504 [Flags] 2 [Guid] 1025496087 [EditorId] 1025496087 [Version] 1048832 [Id] WindowsEditor(7,Minh-PC) [Debug] 1 [PackageName] WindowsEditor [ProjectName] Editor"

Player connection [46420]  * "[IP] 169.254.83.107 [Port] 55504 [Flags] 2 [Guid] 1025496087 [EditorId] 1025496087 [Version] 1048832 [Id] WindowsEditor(7,Minh-PC) [Debug] 1 [PackageName] WindowsEditor [ProjectName] Editor"

Player connection [46420]  * "[IP] 192.168.0.90 [Port] 55504 [Flags] 2 [Guid] 1025496087 [EditorId] 1025496087 [Version] 1048832 [Id] WindowsEditor(7,Minh-PC) [Debug] 1 [PackageName] WindowsEditor [ProjectName] Editor"

Player connection [46420] Host joined multi-casting on [225.0.0.222:54997]...
Player connection [46420] Host joined alternative multi-casting on [225.0.0.222:34997]...
Input System module state changed to: Initialized.
[Physics::Module] Initialized fallback backend.
[Physics::Module] Id: 0xdecafbad
[Licensing::Client] Handshaking with LicensingClient:
  Version:                 1.18.3+d7ffd15
  Session Id:              df13e61e1274494cbfcd271898db93c8
  Correlation Id:          2a1841ed94c1284094f1352f24e8e6ed
  External correlation Id: 5153151555469890321
  Machine Id:              RQAmcHbobxLfdLl5bNXrLWQKMso=
[Licensing::Module] Successfully connected to LicensingClient on channel: "LicenseClient-manmi" (connect: 0.24s, validation: 0.12s, handshake: 0.03s)
[Licensing::IpcConnector] Successfully connected to: "LicenseClient-manmi-notifications" at "2026-09-14T07:29:27.7726403Z"
[Licensing::Module] Connected to LicensingClient (PId: 28056, launch time: 0.00, total connection time: 0.39s)
[Licensing::Module] Error: Access token is unavailable; failed to update
[Licensing::Client] Successfully resolved entitlement details
[Licensing::Module] License group:
  Id: 9072372004883-UnityPersXXXX
  Product: Unity Personal
  Type: Assigned
  Expiration: Unlimited
[Licensing::Client] Successfully updated license, isAsync: True, time: 0.01
[Licensing::Client] Successfully resolved entitlement details
[Licensing::Module] Licensing Background thread has ended after 0.43s
[Package Manager] Connected to IPC stream "Upm-10756" after 0.2 seconds.
[Licensing::Client] Successfully resolved entitlement details
Library Redirect Path: Library/
Launching Unity Data Store - C:/Program Files/Unity/Hub/Editor/6000.6.0f1/Editor/Data/Tools/Unity.DataStore.exe
Unity Data Store artifact dir = Library/DataStore, working dir = E:/Programming Projekte/worktrees/wt-agent-root-digital-dojo[Physics::Module] Selected backend.
[Physics::Module] Name: PhysX
[Physics::Module] Id: 0xf2b8ea05
[Physics::Module] SDK Version: 4.1.2
[Physics::Module] Integration Version: 1.0.0
[Physics::Module] Threading Mode: Multi-Threaded
Unity Data Store running and initialised
[Licensing::Client] Successfully resolved entitlement details
Targeting platform: Android
Initialize engine version: 6000.6.0f1 (f7f8ed4d1e24)
[EntityIdStore] init: VM path (explicit commit), pageSize=4096, blockCount=1048576, entitiesPerBlock=256, slots reserved=4294967296 bytes
[Subsystems] Discovering subsystems at path C:/Program Files/Unity/Hub/Editor/6000.6.0f1/Editor/Data/Resources/UnitySubsystems
[Subsystems] Discovering subsystems at path E:/Programming Projekte/worktrees/wt-agent-root-digital-dojo/Assets
Forcing GfxDevice: Null
GfxDevice: creating device client; kGfxThreadingModeNonThreaded
NullGfxDevice:
    Version:  NULL 1.0 [1.0]
    Renderer: Null Device
    Vendor:   Unity Technologies
Shader Hidden/ChartRasterizerHardware is not supported: GPU does not support conservative rasterization
Initialize mono
Mono path[0] = 'C:/Program Files/Unity/Hub/Editor/6000.6.0f1/Editor/Data/Managed'
Mono path[1] = 'C:/Program Files/Unity/Hub/Editor/6000.6.0f1/Editor/Data/BCLExtensions/runtime/netstandard2.1'
Mono path[2] = 'C:/Program Files/Unity/Hub/Editor/6000.6.0f1/Editor/Data/MonoBleedingEdge/lib/mono/unityjit-win32'
Mono config path = 'C:/Program Files/Unity/Hub/Editor/6000.6.0f1/Editor/Data/MonoBleedingEdge/etc'
Using monoOptions --debugger-agent=transport=dt_socket,embedding=1,server=y,suspend=n,address=127.0.0.1:56756
CodeReloadManager initialized
ImportWorker Server TCP listen port: 0
AcceleratorClientConnectionCallback - disconnected - :0
Begin MonoManager ReloadAssembly
Registering precompiled unity dll's ...
Register platform support module: C:/Program Files/Unity/Hub/Editor/6000.6.0f1/Editor/Data/PlaybackEngines/WebGLSupport/UnityEditor.WebGL.Extensions.dll
Register platform support module: C:/Program Files/Unity/Hub/Editor/6000.6.0f1/Editor/Data/PlaybackEngines/WindowsStandaloneSupport/UnityEditor.WindowsStandalone.Extensions.dll
Register platform support module: C:/Program Files/Unity/Hub/Editor/6000.6.0f1/Editor/Data/PlaybackEngines/AndroidPlayer/UnityEditor.Android.Extensions.dll
Registered in 0.002052 seconds.
Native extension for Android target not found
Native extension for WindowsStandalone target not found
Native extension for WebGL target not found
Package Manager log level set to [2]
ScheduleIndexationOnStartup MainProcess:False IndexOnStartup:False
Scripting: successfully reloaded assembly
- Finished resetting the current domain, in  0.525 seconds
Domain Reload Profiling: 950ms
	BeginReloadAssembly (107ms)
		CreateAndSetChildDomain (18ms)
	RebuildCommonClasses (4ms)
	RebuildNativeTypeToScriptingClass (12ms)
	initialDomainReloadingComplete (49ms)
	LoadAllAssembliesAndSetupDomain (253ms)
		LoadAssemblies (87ms)
		TypeCache.Refresh (173ms)
			TypeCache.ScanAssembly (162ms)
		AnalyzeDomain (1ms)
	FinalizeReload (526ms)
		SetupLoadedEditorAssemblies (0ms)
			InitializePlatformSupportModulesInManaged (6ms)
			BeforeProcessingInitializeOnLoad (73ms)
			ProcessInitializeOnLoadAttributes (105ms)
			ProcessInitializeOnLoadMethodAttributes (165ms)
[Licensing::Client] Successfully resolved entitlement details
[Licensing::Client] Successfully resolved entitlement details
Application.AssetDatabase Initial Refresh Start
[Package Manager] Restoring resolved packages state from cache
[Licensing::Client] Successfully resolved entitlement details
[Package Manager] Registered 59 packages:
  Packages from [https://packages.unity.com]:
    com.unity.probuilder@6.1.2 (location: E:\Programming Projekte\worktrees\wt-agent-root-digital-dojo\Library\PackageCache\com.unity.probuilder@8be9724b2335)
    com.unity.settings-manager@2.1.1 (location: E:\Programming Projekte\worktrees\wt-agent-root-digital-dojo\Library\PackageCache\com.unity.settings-manager@0b8638c5ce86)
    com.unity.splines@2.9.0 (location: E:\Programming Projekte\worktrees\wt-agent-root-digital-dojo\Library\PackageCache\com.unity.splines@e6e1d5900acc)
    com.unity.nuget.newtonsoft-json@3.2.2 (location: E:\Programming Projekte\worktrees\wt-agent-root-digital-dojo\Library\PackageCache\com.unity.nuget.newtonsoft-json@4dfd81071c64)
    com.unity.profiling.core@1.0.3 (location: E:\Programming Projekte\worktrees\wt-agent-root-digital-dojo\Library\PackageCache\com.unity.profiling.core@8a49f7027d06)
    com.unity.searcher@4.9.5 (location: E:\Programming Projekte\worktrees\wt-agent-root-digital-dojo\Library\PackageCache\com.unity.searcher@a463122f2c00)
    com.unity.nuget.mono-cecil@1.11.6 (location: E:\Programming Projekte\worktrees\wt-agent-root-digital-dojo\Library\PackageCache\com.unity.nuget.mono-cecil@ecb9724e46ff)
  Built-in packages:
    com.unity.cinemachine@6.6.0 (location: E:\Programming Projekte\worktrees\wt-agent-root-digital-dojo\Library\PackageCache\com.unity.cinemachine@f53aa49b3acc)
    com.unity.multiplayer.center@2.0.1 (location: E:\Programming Projekte\worktrees\wt-agent-root-digital-dojo\Library\PackageCache\com.unity.multiplayer.center@549886182930)
    com.unity.ugui@2.6.0 (location: E:\Programming Projekte\worktrees\wt-agent-root-digital-dojo\Library\PackageCache\com.unity.ugui@23caec89ae27)
    com.unity.visualeffectgraph@17.6.0 (location: E:\Programming Projekte\worktrees\wt-agent-root-digital-dojo\Library\PackageCache\com.unity.visualeffectgraph@47051adff7cc)
    com.unity.modules.accessibility@1.0.0 (location: E:\Programming Projekte\worktrees\wt-agent-root-digital-dojo\Library\PackageCache\com.unity.modules.accessibility)
    com.unity.modules.adaptiveperformance@1.0.0 (location: E:\Programming Projekte\worktrees\wt-agent-root-digital-dojo\Library\PackageCache\com.unity.modules.adaptiveperformance)
    com.unity.modules.ai@1.0.0 (location: E:\Programming Projekte\worktrees\wt-agent-root-digital-dojo\Library\PackageCache\com.unity.modules.ai)
    com.unity.modules.androidjni@1.0.0 (location: E:\Programming Projekte\worktrees\wt-agent-root-digital-dojo\Library\PackageCache\com.unity.modules.androidjni)
    com.unity.modules.animation@1.0.0 (location: E:\Programming Projekte\worktrees\wt-agent-root-digital-dojo\Library\PackageCache\com.unity.modules.animation)
    com.unity.modules.assetbundle@1.0.0 (location: E:\Programming Projekte\worktrees\wt-agent-root-digital-dojo\Library\PackageCache\com.unity.modules.assetbundle)
    com.unity.modules.audio@1.0.0 (location: E:\Programming Projekte\worktrees\wt-agent-root-digital-dojo\Library\PackageCache\com.unity.modules.audio)
    com.unity.modules.cloth@1.0.0 (location: E:\Programming Projekte\worktrees\wt-agent-root-digital-dojo\Library\PackageCache\com.unity.modules.cloth)
    com.unity.modules.director@1.0.0 (location: E:\Programming Projekte\worktrees\wt-agent-root-digital-dojo\Library\PackageCache\com.unity.modules.director)
    com.unity.modules.imageconversion@1.0.0 (location: E:\Programming Projekte\worktrees\wt-agent-root-digital-dojo\Library\PackageCache\com.unity.modules.imageconversion)
    com.unity.modules.imgui@1.0.0 (location: E:\Programming Projekte\worktrees\wt-agent-root-digital-dojo\Library\PackageCache\com.unity.modules.imgui)
    com.unity.modules.jsonserialize@1.0.0 (location: E:\Programming Projekte\worktrees\wt-agent-root-digital-dojo\Library\PackageCache\com.unity.modules.jsonserialize)
    com.unity.modules.particlesystem@1.0.0 (location: E:\Programming Projekte\worktrees\wt-agent-root-digital-dojo\Library\PackageCache\com.unity.modules.particlesystem)
    com.unity.modules.physics@1.0.0 (location: E:\Programming Projekte\worktrees\wt-agent-root-digital-dojo\Library\PackageCache\com.unity.modules.physics)
    com.unity.modules.physics2d@1.0.0 (location: E:\Programming Projekte\worktrees\wt-agent-root-digital-dojo\Library\PackageCache\com.unity.modules.physics2d)
    com.unity.modules.physicscore2d@1.0.0 (location: E:\Programming Projekte\worktrees\wt-agent-root-digital-dojo\Library\PackageCache\com.unity.modules.physicscore2d)
    com.unity.modules.screencapture@1.0.0 (location: E:\Programming Projekte\worktrees\wt-agent-root-digital-dojo\Library\PackageCache\com.unity.modules.screencapture)
    com.unity.modules.terrain@1.0.0 (location: E:\Programming Projekte\worktrees\wt-agent-root-digital-dojo\Library\PackageCache\com.unity.modules.terrain)
    com.unity.modules.terrainphysics@1.0.0 (location: E:\Programming Projekte\worktrees\wt-agent-root-digital-dojo\Library\PackageCache\com.unity.modules.terrainphysics)
    com.unity.modules.tetgen@1.0.0 (location: E:\Programming Projekte\worktrees\wt-agent-root-digital-dojo\Library\PackageCache\com.unity.modules.tetgen)
    com.unity.modules.tilemap@1.0.0 (location: E:\Programming Projekte\worktrees\wt-agent-root-digital-dojo\Library\PackageCache\com.unity.modules.tilemap)
    com.unity.modules.timelinefoundation@1.0.0 (location: E:\Programming Projekte\worktrees\wt-agent-root-digital-dojo\Library\PackageCache\com.unity.modules.timelinefoundation)
    com.unity.modules.ui@1.0.0 (location: E:\Programming Projekte\worktrees\wt-agent-root-digital-dojo\Library\PackageCache\com.unity.modules.ui)
    com.unity.modules.uielements@1.0.0 (location: E:\Programming Projekte\worktrees\wt-agent-root-digital-dojo\Library\PackageCache\com.unity.modules.uielements)
    com.unity.modules.umbra@1.0.0 (location: E:\Programming Projekte\worktrees\wt-agent-root-digital-dojo\Library\PackageCache\com.unity.modules.umbra)
    com.unity.modules.unityanalytics@1.0.0 (location: E:\Programming Projekte\worktrees\wt-agent-root-digital-dojo\Library\PackageCache\com.unity.modules.unityanalytics)
    com.unity.modules.unitywebrequest@1.0.0 (location: E:\Programming Projekte\worktrees\wt-agent-root-digital-dojo\Library\PackageCache\com.unity.modules.unitywebrequest)
    com.unity.modules.unitywebrequestassetbundle@1.0.0 (location: E:\Programming Projekte\worktrees\wt-agent-root-digital-dojo\Library\PackageCache\com.unity.modules.unitywebrequestassetbundle)
    com.unity.modules.unitywebrequestaudio@1.0.0 (location: E:\Programming Projekte\worktrees\wt-agent-root-digital-dojo\Library\PackageCache\com.unity.modules.unitywebrequestaudio)
    com.unity.modules.unitywebrequesttexture@1.0.0 (location: E:\Programming Projekte\worktrees\wt-agent-root-digital-dojo\Library\PackageCache\com.unity.modules.unitywebrequesttexture)
    com.unity.modules.unitywebrequestwww@1.0.0 (location: E:\Programming Projekte\worktrees\wt-agent-root-digital-dojo\Library\PackageCache\com.unity.modules.unitywebrequestwww)
    com.unity.modules.vectorgraphics@1.0.0 (location: E:\Programming Projekte\worktrees\wt-agent-root-digital-dojo\Library\PackageCache\com.unity.modules.vectorgraphics)
    com.unity.modules.vehicles@1.0.0 (location: E:\Programming Projekte\worktrees\wt-agent-root-digital-dojo\Library\PackageCache\com.unity.modules.vehicles)
    com.unity.modules.video@1.0.0 (location: E:\Programming Projekte\worktrees\wt-agent-root-digital-dojo\Library\PackageCache\com.unity.modules.video)
    com.unity.modules.wind@1.0.0 (location: E:\Programming Projekte\worktrees\wt-agent-root-digital-dojo\Library\PackageCache\com.unity.modules.wind)
    com.unity.modules.xr@1.0.0 (location: E:\Programming Projekte\worktrees\wt-agent-root-digital-dojo\Library\PackageCache\com.unity.modules.xr)
    com.unity.modules.subsystems@1.0.0 (location: E:\Programming Projekte\worktrees\wt-agent-root-digital-dojo\Library\PackageCache\com.unity.modules.subsystems)
    com.unity.modules.hierarchycore@1.0.0 (location: E:\Programming Projekte\worktrees\wt-agent-root-digital-dojo\Library\PackageCache\com.unity.modules.hierarchycore)
    com.unity.shadergraph@17.6.0 (location: E:\Programming Projekte\worktrees\wt-agent-root-digital-dojo\Library\PackageCache\com.unity.shadergraph@ef6135652377)
    com.unity.render-pipelines.core@17.6.0 (location: E:\Programming Projekte\worktrees\wt-agent-root-digital-dojo\Library\PackageCache\com.unity.render-pipelines.core@2d66c71e606e)
    com.unity.test-framework@1.8.0 (location: E:\Programming Projekte\worktrees\wt-agent-root-digital-dojo\Library\PackageCache\com.unity.test-framework@7a3849e09bd0)
    com.unity.burst@2.0.0 (location: E:\Programming Projekte\worktrees\wt-agent-root-digital-dojo\Library\PackageCache\com.unity.burst@626e66ab421b)
    com.unity.collections@6.6.0 (location: E:\Programming Projekte\worktrees\wt-agent-root-digital-dojo\Library\PackageCache\com.unity.collections@10fff0607388)
    com.unity.graph-authoring@1.0.0 (location: E:\Programming Projekte\worktrees\wt-agent-root-digital-dojo\Library\PackageCache\com.unity.graph-authoring@cfd2588851ee)
    com.unity.mathematics@1.4.0 (location: E:\Programming Projekte\worktrees\wt-agent-root-digital-dojo\Library\PackageCache\com.unity.mathematics@8306a64d0cd6)
    com.unity.ext.nunit@2.1.0 (location: E:\Programming Projekte\worktrees\wt-agent-root-digital-dojo\Library\PackageCache\com.unity.ext.nunit@0198eae3b53e)
    com.unity.test-framework.performance@6.6.0 (location: E:\Programming Projekte\worktrees\wt-agent-root-digital-dojo\Library\PackageCache\com.unity.test-framework.performance@0a60b857a52e)
  Git packages:
    com.coplaydev.unity-mcp@https://github.com/CoplayDev/unity-mcp.git?path=/MCPForUnity#b92c05a25820cfc9f59ce4094eb46aaec8632ea2 (location: E:\Programming Projekte\worktrees\wt-agent-root-digital-dojo\Library\PackageCache\com.coplaydev.unity-mcp@13fb3ee12774)
[Subsystems] No new subsystems found in resolved package list.
[Package Manager] Done registering packages in 0.01 seconds
Assembly reference Packages/com.unity.cinemachine/Editor/Samples/ExposeHDRPInternals/HDRP-Editor-ref.asmref has no target assembly definition
Assembly reference Packages/com.unity.cinemachine/Editor/Samples/ExposeHDRPInternals/HDRP-Editor-ref.asmref has no target assembly definition
Starting: C:\Program Files\Unity\Hub\Editor\6000.6.0f1\Editor\Data\Tools\BuildPipeline\bee_backend.exe --ipc --defer-dag-verification --dagfile="Library/Bee/1300b0aE.dag" --continue-on-failure --profile="Library/Bee/backend1.traceevents" ScriptAssemblies
WorkingDir: E:/Programming Projekte/worktrees/wt-agent-root-digital-dojo
DisplayProgressbar: Compiling Scripts
ExitCode: 0 Duration: 0s194ms
[650/831    0s] ILPP-Configuration Library/ilpp-configuration.nevergeneratedoutput
*** Tundra build success (0.17 seconds), 1 items updated, 831 evaluated
AssetDatabase: script compilation time: 0.577049s
Begin MonoManager ReloadAssembly
Total cache size 149757229
Total cache size after purge 149757229, took 00:00:00.1283220
Assembly reference Packages/com.unity.cinemachine/Editor/Samples/ExposeHDRPInternals/HDRP-Editor-ref.asmref has no target assembly definition
'Packages/com.unity.cinemachine/Editor/Editors/CinemachineVirtualCameraBaseEditor.cs' contains partial class of Unity.Object, exactly 1 of the partial classes needs to be in a file with the same filename. This is to know the one that can be referenced from ie. GameObjects
'Packages/com.unity.render-pipelines.core/Editor/Deprecated.cs' contains partial class of Unity.Object, exactly 1 of the partial classes needs to be in a file with the same filename. This is to know the one that can be referenced from ie. GameObjects
'Packages/com.unity.render-pipelines.core/Editor/Deprecated.cs' contains partial class of Unity.Object, exactly 1 of the partial classes needs to be in a file with the same filename. This is to know the one that can be referenced from ie. GameObjects
'Packages/com.unity.cinemachine/Editor/Obsolete/CinemachineVirtualCameraBaseEditor.cs' contains partial class of Unity.Object, exactly 1 of the partial classes needs to be in a file with the same filename. This is to know the one that can be referenced from ie. GameObjects
Native extension for Android target not found
Native extension for WindowsStandalone target not found
Native extension for WebGL target not found
[MODES] ModeService[none].Initialize
[MODES] ModeService[none].LoadModes
[MODES] Loading mode Default (0) for mode-current-id-Digital Dojo
ScheduleIndexationOnStartup MainProcess:True IndexOnStartup:True
Scripting: successfully reloaded assembly
- Finished resetting the current domain, in  1.078 seconds
Domain Reload Profiling: 1685ms
	BeginReloadAssembly (182ms)
		DisableScriptedObjects (20ms)
		CreateAndSetChildDomain (37ms)
	RebuildCommonClasses (7ms)
	RebuildNativeTypeToScriptingClass (11ms)
	initialDomainReloadingComplete (39ms)
	LoadAllAssembliesAndSetupDomain (368ms)
		LoadAssemblies (217ms)
		TypeCache.Refresh (86ms)
			TypeCache.ScanAssembly (77ms)
		AnalyzeDomain (42ms)
			BuildScriptInfoCaches (38ms)
			ResolveRequiredComponents (3ms)
	FinalizeReload (1079ms)
		SetupLoadedEditorAssemblies (0ms)
			InitializePlatformSupportModulesInManaged (6ms)
			BeforeProcessingInitializeOnLoad (81ms)
			ProcessInitializeOnLoadAttributes (636ms)
			ProcessInitializeOnLoadMethodAttributes (153ms)
			AfterProcessingInitializeOnLoad (5ms)
		AwakeInstancesAfterBackupRestoration (28ms)
Starting new worker id: 0 with log in E:/Programming Projekte/worktrees/wt-agent-root-digital-dojo/Logs/AssetImportWorkerHW0.log

Asset Pipeline Refresh (id=81e8a9b7ff3478c409f38e0eed28e8d3): Total: 3.568 seconds - Initiated by InitialRefreshV2(ForceSynchronousImport)
	(Values over 0.05ms)
	Summary:
		Imports: total=0 (actual=0, local cache=0, cache server=0)
		Asset DB Process Time: managed=0 ms, native=2283 ms
		Asset DB Callback time: managed=10 ms, native=12 ms
		Scripting: domain reloads=1, domain reload time=648 ms, compile time=579 ms, other=34 ms
		Project Asset Count: scripts=1024, non-scripts=2103
		Asset File Changes: new=0, changed=0, moved=0, deleted=0
		Scan Filter Count: 0
	InvokePackagesCallback: 13.609ms
	ApplyChangesToAssetFolders: 0.502ms
	Scan: 75.331ms
	Collect global state as custom dependencies: 6.229ms
	CategorizeScriptCompilationAssets: 13.960ms
	ProcessAssetsWithTransientArtifactChanges: 40.241ms
	CategorizeAssets: 21.566ms
	CompileScripts: 578.883ms
	ImportOutOfDateAssets: 1087.443ms (1080.667ms without children)
		UnloadImportedAssets: 0.061ms
		EnsureUptoDateAssetsAreRegisteredWithGuidPM: 0.343ms
		ImportSchedulerStart: 6.368ms
	PostProcessAllAssets: 10.823ms
		MonoPostProcessAllAssets: 10.775ms
			WindowAssetPostprocessingWatcher.OnPostprocessAllAssets 1.429ms
			SyncVS.PostprocessSyncProject 1.070ms
			SpeedTree9Postprocessor.OnPostprocessAllAssets 0.735ms
			EditModeScopePostprocessor.OnPostprocessAllAssets 0.598ms
			ShaderReflectionAssetPostProcessor.OnPostprocessAllAssets 0.395ms
			ReferencedClipsPostProcessor.OnPostprocessAllAssets 0.271ms
			CinemachineSettings.OnPostprocessAllAssets 0.237ms
			TerrainToolbarOverlayPostProcessor.OnPostprocessAllAssets 0.183ms
			AssetDatabaseCallbacks.OnPostprocessAllAssets 0.162ms
			DomainReloadProcessor.OnPostprocessAllAssets 0.120ms
			RenderPipelineGlobalSettingsPostprocessor.OnPostprocessAllAssets 0.077ms
	UnloadStreamsBegin: 1.127ms
	PersistCurrentRevisions: 0.076ms
	GenerateScriptTypeHashes: 1.306ms
	GenerateScriptTypeSerializationHashes: 2.351ms
	Untracked: 1681.517ms

Application.AssetDatabase Initial Refresh End
Shader Hidden/ChartRasterizerHardware is not supported: GPU does not support conservative rasterization
Scanning for USB devices : 6.101ms
Initializing Unity extensions:
Unloading 63 Unused Serialized files (Serialized files now loaded: 0)
Unloading 4426 unused Assets / (2.3 MB). Loaded Objects now: 5157.
Memory consumption went from 322.5 MB to 320.3 MB.
Total: 5.846600 ms (FindLiveObjects: 0.358000 ms CreateObjectMapping: 0.126600 ms MarkObjects: 4.452600 ms  DeleteObjects: 0.730600 ms)

DisplayProgressbar: Checking prerequisites
Reporting tool paths:
 JDK: 'C:\Program Files\Unity\Hub\Editor\6000.6.0f1\Editor\Data\PlaybackEngines\AndroidPlayer\OpenJDK'
 Android SDK: 'C:\Program Files\Unity\Hub\Editor\6000.6.0f1\Editor\Data\PlaybackEngines\AndroidPlayer\SDK'
 Android NDK: 'C:\Program Files\Unity\Hub\Editor\6000.6.0f1\Editor\Data\PlaybackEngines\AndroidPlayer\NDK'
 Gradle: 'C:\Program Files\Unity\Hub\Editor\6000.6.0f1\Editor\Data\PlaybackEngines\AndroidPlayer\Tools\gradle' (Gradle Version: '9.1.0' Android Plugin Version: '9.0.0')
Android PostProcess task "Checking prerequisites" took 24,3192 ms
DisplayProgressbar: Detect Java Development Kit (JDK)
Android PostProcess task "Detect Java Development Kit (JDK)" took 2,4984 ms
DisplayProgressbar: Detecting Android SDK
Worker ready: AssetImportWorkerHW0 0
AndroidSDKTools:

	root          : C:\Program Files\Unity\Hub\Editor\6000.6.0f1\Editor\Data\PlaybackEngines\AndroidPlayer\SDK
	cmdline-tools : C:\Program Files\Unity\Hub\Editor\6000.6.0f1\Editor\Data\PlaybackEngines\AndroidPlayer\SDK\cmdline-tools\16.0
	platform-tools: C:\Program Files\Unity\Hub\Editor\6000.6.0f1\Editor\Data\PlaybackEngines\AndroidPlayer\SDK\platform-tools
	build-tools   : C:\Program Files\Unity\Hub\Editor\6000.6.0f1\Editor\Data\PlaybackEngines\AndroidPlayer\SDK\build-tools\36.0.0

	adb           : C:\Program Files\Unity\Hub\Editor\6000.6.0f1\Editor\Data\PlaybackEngines\AndroidPlayer\SDK\platform-tools\adb.exe

Android PostProcess task "Detecting Android SDK" took 9606,6804 ms
DisplayProgressbar: Detect Android NDK
Android PostProcess task "Detect Android NDK" took 1,0923 ms
Android PostProcess task "Trying to find a suitable Android device" took 0,3423 ms
DisplayProgressbar: Check resources
Android PostProcess task "Check resources" took 0,1589 ms
DisplayProgressbar: Check Android Player Settings
Android PostProcess task "Check Android Player Settings" took 1,8153 ms
Launched and connected shader compiler UnityShaderCompiler.exe after 0.02 seconds
Starting: C:\Program Files\Unity\Hub\Editor\6000.6.0f1\Editor\Data\Tools\BuildPipeline\bee_backend.exe --ipc --defer-dag-verification --dagfile="Library/Bee/1300b0aESkipCompile.dag" --continue-on-failure --profile="Library/Bee/backend1.traceevents" ScriptAssembliesAndTypeDB
WorkingDir: E:/Programming Projekte/worktrees/wt-agent-root-digital-dojo
DisplayProgressbar: Compiling Scripts
ExitCode: 0 Duration: 0s714ms
[2/3        0s] BuildPlayerDataGenerator Library/BuildPlayerData/Editor/TypeDb-All.json
*** Tundra build success (0.69 seconds), 1 items updated, 3 evaluated
Asset Pipeline Refresh (id=76f4b4fd7069c864a9b9dfb10c79f22a): Total: 0.006 seconds - Initiated by RefreshV2(NoUpdateAssetOptions)
Total cache size 149757229
Total cache size after purge 149757229, took 00:00:00.1237184
[ScriptCompilation] Requested script compilation because: Recompiling scripts for player build.
BuildPlayer: start building target 13
Starting: C:\Program Files\Unity\Hub\Editor\6000.6.0f1\Editor\Data\Tools\BuildPipeline\bee_backend.exe --ipc --defer-dag-verification --dagfile="Library/Bee/1300b0aPDev.dag" --continue-on-failure --profile="Library/Bee/backend1.traceevents" ScriptAssembliesAndTypeDB
WorkingDir: E:/Programming Projekte/worktrees/wt-agent-root-digital-dojo
ExitCode: 4 Duration: 0s706ms
Rebuilding DAG because FileSignature timestamp changed: Library/Bee/1300b0aPDev-inputdata.json
*** Tundra requires additional run (0.68 seconds), 0 items updated, 150 evaluated
Starting: C:\Program Files\Unity\Hub\Editor\6000.6.0f1\Editor\Data\DotNetSdk\dotnet.exe "C:\Program Files\Unity\Hub\Editor\6000.6.0f1\Editor\Data\Tools\BuildPipeline\ScriptCompilationBuildProgram.exe" "Library/Bee/1300b0aPDev.dag.json" "Library/Bee/1300b0aPDev-inputdata.json" "Library\Bee\buildprogram0.traceevents"
WorkingDir: E:/Programming Projekte/worktrees/wt-agent-root-digital-dojo
ExitCode: 0 Duration: 0s426ms
Starting: C:\Program Files\Unity\Hub\Editor\6000.6.0f1\Editor\Data\Tools\BuildPipeline\bee_backend.exe --ipc --defer-dag-verification --dagfile="Library/Bee/1300b0aPDev.dag" --continue-on-failure --dagfilejson="Library\Bee\1300b0aPDev.dag.json" --profile="Library/Bee/backend2.traceevents" ScriptAssembliesAndTypeDB
WorkingDir: E:/Programming Projekte/worktrees/wt-agent-root-digital-dojo
ExitCode: 0 Duration: 3s848ms
Finished compiling graph: 645 nodes, 6911 flattened edges (5833 ToBuild, 78 ToUse), maximum node priority 319
[442/644    0s] WriteResponseFile Library/Bee/artifacts/rsp/4747638433968585886.rsp
[512/644    0s] WriteText Library/Bee/artifacts/1300b0aPDev.dag/Assembly-CSharp.rsp
[547/644    0s] ILPP-Configuration Library/ilpp-configuration.nevergeneratedoutput
[578/644    0s] CopyFiles Library/Bee/PlayerScriptAssemblies/Unity.ProBuilder.Csg.dll
[579/644    0s] CopyFiles Library/Bee/PlayerScriptAssemblies/Unity.PathTracing.Runtime.dll
[580/644    0s] CopyFiles Library/Bee/PlayerScriptAssemblies/Unity.Cinemachine.dll
[581/644    0s] CopyFiles Library/Bee/PlayerScriptAssemblies/Unity.TextMeshPro.dll
[582/644    0s] CopyFiles Library/Bee/PlayerScriptAssemblies/Unity.ProBuilder.dll
[583/644    0s] CopyFiles Library/Bee/PlayerScriptAssemblies/Unity.Splines.dll
[584/644    0s] CopyFiles Library/Bee/PlayerScriptAssemblies/Unity.Mathematics.dll
[585/644    0s] CopyFiles Library/Bee/PlayerScriptAssemblies/Unity.Collections.dll
[586/644    0s] CopyFiles Library/Bee/PlayerScriptAssemblies/Unity.InternalAPIEngineBridge.004.dll
[587/644    0s] CopyFiles Library/Bee/PlayerScriptAssemblies/Unity.SurfaceCache.Runtime.dll
[588/644    0s] CopyFiles Library/Bee/PlayerScriptAssemblies/Unity.RenderPipelines.Core.Runtime.Shared.dll
[589/644    0s] CopyFiles Library/Bee/PlayerScriptAssemblies/Unity.ProBuilder.KdTree.dll
[590/644    0s] CopyFiles Library/Bee/PlayerScriptAssemblies/Unity.RenderPipelines.Core.Runtime.dll
[591/644    0s] CopyFiles Library/Bee/PlayerScriptAssemblies/Unity.Burst.dll
[592/644    0s] CopyFiles Library/Bee/PlayerScriptAssemblies/MCPForUnity.Runtime.dll
[593/644    0s] CopyFiles Library/Bee/PlayerScriptAssemblies/Unity.Collections.Tests.CoreCLR.PrivateJobNested.dll
[594/644    0s] CopyFiles Library/Bee/PlayerScriptAssemblies/Unity.InternalAPIEngineBridge.RenderPipelines.Core.Runtime.Shared.dll
[595/644    0s] CopyFiles Library/Bee/PlayerScriptAssemblies/Unity.Collections.Tests.CoreCLR.ProtectedJobNested.dll
[596/644    0s] CopyFiles Library/Bee/PlayerScriptAssemblies/Unity.InternalAPIEngineBridge.ObjectDispatcher.Runtime.dll
[597/644    0s] CopyFiles Library/Bee/PlayerScriptAssemblies/Unity.RenderPipelines.Core.ShaderLibrary.dll
[598/644    0s] CopyFiles Library/Bee/PlayerScriptAssemblies/UnityEngine.UI.dll
[599/644    0s] CopyFiles Library/Bee/PlayerScriptAssemblies/Unity.Profiling.Core.dll
[600/644    0s] CopyFiles Library/Bee/PlayerScriptAssemblies/Unity.RenderPipelines.ShaderGraph.ShaderGraphLibrary.dll
[601/644    0s] CopyFiles Library/Bee/PlayerScriptAssemblies/Unity.ProBuilder.Stl.dll
[602/644    0s] CopyFiles Library/Bee/PlayerScriptAssemblies/Unity.RenderPipelines.GPUDriven.Runtime.dll
[603/644    0s] CopyFiles Library/Bee/PlayerScriptAssemblies/Unity.ProBuilder.Poly2Tri.dll
[604/644    0s] CopyFiles Library/Bee/PlayerScriptAssemblies/Unity.VisualEffectGraph.Runtime.dll
[605/644    0s] CopyFiles Library/Bee/PlayerScriptAssemblies/Unity.Profiling.Core.pdb
[606/644    0s] CopyFiles Library/Bee/PlayerScriptAssemblies/Unity.SurfaceCache.Runtime.pdb
[607/644    0s] CopyFiles Library/Bee/PlayerScriptAssemblies/Unity.Collections.Tests.CoreCLR.InternalJobNestedPrivate.dll
[608/644    0s] CopyFiles Library/Bee/PlayerScriptAssemblies/Unity.Collections.Tests.CoreCLR.PrivateJobNested.pdb
[609/644    0s] CopyFiles Library/Bee/PlayerScriptAssemblies/Unity.Collections.Tests.CoreCLR.PublicJobPrivateGeneric.dll
[610/644    0s] CopyFiles Library/Bee/PlayerScriptAssemblies/Unity.RenderPipelines.ShaderGraph.ShaderGraphLibrary.pdb
[611/644    0s] CopyFiles Library/Bee/PlayerScriptAssemblies/Unity.Collections.Tests.CoreCLR.PublicJobPrivateGeneric.pdb
[612/644    0s] CopyFiles Library/Bee/PlayerScriptAssemblies/Unity.InternalAPIEngineBridge.004.pdb
[613/644    0s] CopyFiles Library/Bee/PlayerScriptAssemblies/Unity.UnifiedRayTracing.Runtime.dll
[614/644    0s] CopyFiles Library/Bee/PlayerScriptAssemblies/Unity.Collections.Tests.CoreCLR.ProtectedJobNested.pdb
[615/644    0s] CopyFiles Library/Bee/PlayerScriptAssemblies/UnityEngine.UI.pdb
[616/644    0s] CopyFiles Library/Bee/PlayerScriptAssemblies/Unity.ProBuilder.KdTree.pdb
[617/644    0s] CopyFiles Library/Bee/PlayerScriptAssemblies/Unity.Burst.pdb
[618/644    0s] CopyFiles Library/Bee/PlayerScriptAssemblies/Unity.ProBuilder.pdb
[619/644    0s] CopyFiles Library/Bee/PlayerScriptAssemblies/Unity.ProBuilder.Poly2Tri.pdb
[620/644    0s] CopyFiles Library/Bee/PlayerScriptAssemblies/Unity.Collections.Tests.CoreCLR.InternalJobNestedPrivate.pdb
[621/644    0s] CopyFiles Library/Bee/PlayerScriptAssemblies/Unity.PathTracing.Runtime.pdb
[622/644    0s] CopyFiles Library/Bee/PlayerScriptAssemblies/Unity.ProBuilder.Csg.pdb
[623/644    0s] CopyFiles Library/Bee/PlayerScriptAssemblies/Unity.Splines.pdb
[624/644    0s] CopyFiles Library/Bee/PlayerScriptAssemblies/Unity.Cinemachine.pdb
[625/644    0s] CopyFiles Library/Bee/PlayerScriptAssemblies/Unity.TextMeshPro.pdb
[626/644    0s] CopyFiles Library/Bee/PlayerScriptAssemblies/Unity.ProBuilder.Stl.pdb
[627/644    0s] CopyFiles Library/Bee/PlayerScriptAssemblies/Unity.RenderPipelines.Core.Runtime.Shared.pdb
[628/644    0s] CopyFiles Library/Bee/PlayerScriptAssemblies/Unity.InternalAPIEngineBridge.RenderPipelines.Core.Runtime.Shared.pdb
[629/644    0s] CopyFiles Library/Bee/PlayerScriptAssemblies/MCPForUnity.Runtime.pdb
[630/644    0s] CopyFiles Library/Bee/PlayerScriptAssemblies/Unity.VisualEffectGraph.Runtime.pdb
[631/644    0s] CopyFiles Library/Bee/PlayerScriptAssemblies/Unity.UnifiedRayTracing.Runtime.pdb
[632/644    0s] CopyFiles Library/Bee/PlayerScriptAssemblies/Unity.RenderPipelines.Core.ShaderLibrary.pdb
[633/644    0s] CopyFiles Library/Bee/PlayerScriptAssemblies/Unity.Mathematics.pdb
[634/644    0s] CopyFiles Library/Bee/PlayerScriptAssemblies/Unity.RenderPipelines.Core.Runtime.pdb
[635/644    0s] CopyFiles Library/Bee/PlayerScriptAssemblies/Unity.RenderPipelines.GPUDriven.Runtime.pdb
[636/644    0s] CopyFiles Library/Bee/PlayerScriptAssemblies/Unity.InternalAPIEngineBridge.ObjectDispatcher.Runtime.pdb
[637/644    0s] CopyFiles Library/Bee/PlayerScriptAssemblies/Unity.Collections.pdb
[638/644    2s] Csc Library/Bee/artifacts/1300b0aPDev.dag/Assembly-CSharp.dll (+2 others)
Assets\Scripts\Gameplay\TargetMover.cs(26,42): warning CS0618: 'Object.FindObjectOfType<T>()' is obsolete: 'Object.FindObjectOfType has been deprecated. Use Object.FindAnyObjectByType instead.'

Assets\Scripts\Core\GameManager.cs(133,42): warning CS0618: 'Object.FindObjectOfType<T>()' is obsolete: 'Object.FindObjectOfType has been deprecated. Use Object.FindAnyObjectByType instead.'

Assets\Scripts\Gameplay\TargetObject.cs(75,38): warning CS0618: 'Object.FindObjectOfType<T>()' is obsolete: 'Object.FindObjectOfType has been deprecated. Use Object.FindAnyObjectByType instead.'

Assets\Scripts\Core\GameManager.cs(158,42): warning CS0618: 'Object.FindObjectOfType<T>()' is obsolete: 'Object.FindObjectOfType has been deprecated. Use Object.FindAnyObjectByType instead.'

Assets\Scripts\Research\ResearchSessionLog.cs(113,38): warning CS0618: 'Object.FindObjectOfType<T>()' is obsolete: 'Object.FindObjectOfType has been deprecated. Use Object.FindAnyObjectByType instead.'

Assets\Scripts\Sensors\DynamicsSdkBridge.cs(109,64): warning CS0618: 'Object.FindObjectOfType<T>()' is obsolete: 'Object.FindObjectOfType has been deprecated. Use Object.FindAnyObjectByType instead.'

Assets\Scripts\UI\ComboMilestonePopup.cs(36,25): warning CS0618: 'Object.FindObjectOfType<T>()' is obsolete: 'Object.FindObjectOfType has been deprecated. Use Object.FindAnyObjectByType instead.'

Assets\Scripts\UI\TextPopup.cs(55,25): warning CS0618: 'Object.FindObjectOfType<T>()' is obsolete: 'Object.FindObjectOfType has been deprecated. Use Object.FindAnyObjectByType instead.'

Assets\Scripts\Gameplay\HitZoneEvaluator.cs(162,41): warning CS0618: 'Object.FindObjectsOfType<T>()' is obsolete: 'Object.FindObjectsOfType has been deprecated. Use Object.FindObjectsByType instead which lets you decide whether you need the results sorted or not.  FindObjectsOfType sorts the results by InstanceID but if you do not need this using FindObjectSortMode.None is considerably faster.'

Assets\Scripts\Visuals\DigitalDojoHudSkin.cs(22,37): warning CS0618: 'Object.FindObjectOfType<T>()' is obsolete: 'Object.FindObjectOfType has been deprecated. Use Object.FindAnyObjectByType instead.'

Assets\Scripts\Spawning\TargetSpawner.cs(330,40): warning CS0618: 'Object.FindObjectsOfType<T>()' is obsolete: 'Object.FindObjectsOfType has been deprecated. Use Object.FindObjectsByType instead which lets you decide whether you need the results sorted or not.  FindObjectsOfType sorts the results by InstanceID but if you do not need this using FindObjectSortMode.None is considerably faster.'

Assets\Scripts\UI\PauseMenuController.cs(97,37): warning CS0618: 'Object.FindObjectOfType<T>()' is obsolete: 'Object.FindObjectOfType has been deprecated. Use Object.FindAnyObjectByType instead.'

Assets\Scripts\Visuals\DigitalDojoHudSkin.cs(80,47): warning CS0618: 'Object.FindObjectOfType<T>()' is obsolete: 'Object.FindObjectOfType has been deprecated. Use Object.FindAnyObjectByType instead.'

Assets\Scripts\Visuals\DigitalDojoHudSkin.cs(90,38): warning CS0618: 'Object.FindObjectOfType<T>()' is obsolete: 'Object.FindObjectOfType has been deprecated. Use Object.FindAnyObjectByType instead.'

Assets\Scripts\Visuals\DigitalDojoRuntimeDressing.cs(154,30): warning CS0618: 'Object.FindObjectsOfType<T>()' is obsolete: 'Object.FindObjectsOfType has been deprecated. Use Object.FindObjectsByType instead which lets you decide whether you need the results sorted or not.  FindObjectsOfType sorts the results by InstanceID but if you do not need this using FindObjectSortMode.None is considerably faster.'
[639/644    0s] ILPostProcess Library/Bee/artifacts/1300b0aPDev.dag/post-processed/Assembly-CSharp.dll (+pdb)
Processing assembly Library/Bee/artifacts/1300b0aPDev.dag/Assembly-CSharp.dll, with 148 defines and 243 references

processors: Unity.Jobs.CodeGen.JobsILPostProcessor, zzzUnity.Burst.CodeGen.BurstILPostProcessor

1 processor(s) skipped this assembly

running Unity.Jobs.CodeGen.JobsILPostProcessor
[640/644    0s] CopyFiles Library/Bee/PlayerScriptAssemblies/Assembly-CSharp.pdb
[641/644    0s] CopyFiles Library/Bee/PlayerScriptAssemblies/Assembly-CSharp.dll
[643/644    0s] BuildPlayerDataGenerator Library/BuildPlayerData/Player/RuntimeInitializeOnLoads.json (+1 other)
*** Tundra build success (3.83 seconds), 68 items updated, 644 evaluated
Assets\Scripts\Gameplay\TargetMover.cs(26,42): warning CS0618: 'Object.FindObjectOfType<T>()' is obsolete: 'Object.FindObjectOfType has been deprecated. Use Object.FindAnyObjectByType instead.'
Assets\Scripts\Core\GameManager.cs(133,42): warning CS0618: 'Object.FindObjectOfType<T>()' is obsolete: 'Object.FindObjectOfType has been deprecated. Use Object.FindAnyObjectByType instead.'
Assets\Scripts\Gameplay\TargetObject.cs(75,38): warning CS0618: 'Object.FindObjectOfType<T>()' is obsolete: 'Object.FindObjectOfType has been deprecated. Use Object.FindAnyObjectByType instead.'
Assets\Scripts\Core\GameManager.cs(158,42): warning CS0618: 'Object.FindObjectOfType<T>()' is obsolete: 'Object.FindObjectOfType has been deprecated. Use Object.FindAnyObjectByType instead.'
Assets\Scripts\Research\ResearchSessionLog.cs(113,38): warning CS0618: 'Object.FindObjectOfType<T>()' is obsolete: 'Object.FindObjectOfType has been deprecated. Use Object.FindAnyObjectByType instead.'
Assets\Scripts\Sensors\DynamicsSdkBridge.cs(109,64): warning CS0618: 'Object.FindObjectOfType<T>()' is obsolete: 'Object.FindObjectOfType has been deprecated. Use Object.FindAnyObjectByType instead.'
Assets\Scripts\UI\ComboMilestonePopup.cs(36,25): warning CS0618: 'Object.FindObjectOfType<T>()' is obsolete: 'Object.FindObjectOfType has been deprecated. Use Object.FindAnyObjectByType instead.'
Assets\Scripts\UI\TextPopup.cs(55,25): warning CS0618: 'Object.FindObjectOfType<T>()' is obsolete: 'Object.FindObjectOfType has been deprecated. Use Object.FindAnyObjectByType instead.'
Assets\Scripts\Gameplay\HitZoneEvaluator.cs(162,41): warning CS0618: 'Object.FindObjectsOfType<T>()' is obsolete: 'Object.FindObjectsOfType has been deprecated. Use Object.FindObjectsByType instead which lets you decide whether you need the results sorted or not.  FindObjectsOfType sorts the results by InstanceID but if you do not need this using FindObjectSortMode.None is considerably faster.'
Assets\Scripts\Visuals\DigitalDojoHudSkin.cs(22,37): warning CS0618: 'Object.FindObjectOfType<T>()' is obsolete: 'Object.FindObjectOfType has been deprecated. Use Object.FindAnyObjectByType instead.'
Assets\Scripts\Spawning\TargetSpawner.cs(330,40): warning CS0618: 'Object.FindObjectsOfType<T>()' is obsolete: 'Object.FindObjectsOfType has been deprecated. Use Object.FindObjectsByType instead which lets you decide whether you need the results sorted or not.  FindObjectsOfType sorts the results by InstanceID but if you do not need this using FindObjectSortMode.None is considerably faster.'
Assets\Scripts\UI\PauseMenuController.cs(97,37): warning CS0618: 'Object.FindObjectOfType<T>()' is obsolete: 'Object.FindObjectOfType has been deprecated. Use Object.FindAnyObjectByType instead.'
Assets\Scripts\Visuals\DigitalDojoHudSkin.cs(80,47): warning CS0618: 'Object.FindObjectOfType<T>()' is obsolete: 'Object.FindObjectOfType has been deprecated. Use Object.FindAnyObjectByType instead.'
Assets\Scripts\Visuals\DigitalDojoHudSkin.cs(90,38): warning CS0618: 'Object.FindObjectOfType<T>()' is obsolete: 'Object.FindObjectOfType has been deprecated. Use Object.FindAnyObjectByType instead.'
Assets\Scripts\Visuals\DigitalDojoRuntimeDressing.cs(154,30): warning CS0618: 'Object.FindObjectsOfType<T>()' is obsolete: 'Object.FindObjectsOfType has been deprecated. Use Object.FindObjectsByType instead which lets you decide whether you need the results sorted or not.  FindObjectsOfType sorts the results by InstanceID but if you do not need this using FindObjectSortMode.None is considerably faster.'
Total cache size 149757229
Total cache size after purge 149757229, took 00:00:00.1174487
Rebuilding Data files because Assets/Resources/ResearchBuildInfo.txt is dirty (hash)


Mono dependencies included in the build
Dependency assembly - Unity.InternalAPIEngineBridge.ObjectDispatcher.Runtime.dll
Dependency assembly - System.Xml.XDocument.dll
Dependency assembly - System.Xml.XmlDocument.dll
Dependency assembly - System.Globalization.dll
Dependency assembly - Unity.InternalAPIEngineBridge.004.dll
Dependency assembly - System.Web.DynamicData.dll
Dependency assembly - System.Web.ApplicationServices.dll
Dependency assembly - Unity.RenderPipelines.Core.ShaderLibrary.dll
Dependency assembly - Mono.Data.Tds.dll
Dependency assembly - System.ComponentModel.Primitives.dll
Dependency assembly - System.Management.dll
Dependency assembly - System.Net.HttpListener.dll
Dependency assembly - System.Reflection.TypeExtensions.dll
Dependency assembly - System.Runtime.dll
Dependency assembly - System.Diagnostics.Tools.dll
Dependency assembly - Unity.RenderPipelines.GPUDriven.Runtime.dll
Dependency assembly - System.Security.Cryptography.Hashing.Algorithms.dll
Dependency assembly - Unity.ProBuilder.Csg.dll
Dependency assembly - Unity.Collections.Tests.CoreCLR.ProtectedJobNested.dll
Dependency assembly - System.IO.FileSystem.AccessControl.dll
Dependency assembly - Mono.Data.Sqlite.dll
Dependency assembly - System.Diagnostics.TextWriterTraceListener.dll
Dependency assembly - Unity.Collections.Tests.CoreCLR.InternalJobNestedPrivate.dll
Dependency assembly - Microsoft.Extensions.Logging.Abstractions.dll
Dependency assembly - System.Xml.Xsl.Primitives.dll
Dependency assembly - System.Diagnostics.Contracts.dll
Dependency assembly - System.ServiceModel.Security.dll
Dependency assembly - System.Net.NameResolution.dll
Dependency assembly - System.Xml.Serialization.dll
Dependency assembly - System.Threading.Overlapped.dll
Dependency assembly - System.ComponentModel.EventBasedAsync.dll
Dependency assembly - System.ServiceModel.Primitives.dll
Dependency assembly - System.Web.dll
Dependency assembly - System.Diagnostics.Debug.dll
Dependency assembly - System.Data.Common.dll
Dependency assembly - Microsoft.Win32.Primitives.dll
Dependency assembly - System.Globalization.Extensions.dll
Dependency assembly - System.ServiceModel.Duplex.dll
Dependency assembly - System.Text.Encoding.CodePages.dll
Dependency assembly - System.Runtime.Caching.dll
Dependency assembly - System.Diagnostics.StackTrace.dll
Dependency assembly - System.Runtime.Serialization.Xml.dll
Dependency assembly - Assembly-CSharp.dll
Dependency assembly - System.Collections.dll
Dependency assembly - System.Threading.ThreadPool.dll
Dependency assembly - Unity.Collections.Tests.CoreCLR.PublicJobPrivateGeneric.dll
Dependency assembly - Unity.Splines.dll
Dependency assembly - System.Windows.Forms.DataVisualization.dll
Dependency assembly - System.Runtime.Remoting.dll
Dependency assembly - System.ServiceModel.Discovery.dll
Dependency assembly - System.ComponentModel.dll
Dependency assembly - System.Numerics.dll
Dependency assembly - System.IO.FileSystem.Primitives.dll
Dependency assembly - System.Text.RegularExpressions.dll
Dependency assembly - System.Diagnostics.TraceEvent.dll
Dependency assembly - System.Web.Extensions.Design.dll
Dependency assembly - System.Resources.ResourceManager.dll
Dependency assembly - System.Net.WebSockets.dll
Dependency assembly - System.Runtime.Loader.dll
Dependency assembly - Unity.ProBuilder.Poly2Tri.dll
Dependency assembly - System.Security.Principal.Windows.dll
Dependency assembly - System.Resources.Writer.dll
Dependency assembly - Unity.ProBuilder.Stl.dll
Dependency assembly - System.Runtime.InteropServices.dll
Dependency assembly - System.Collections.Specialized.dll
Dependency assembly - System.Net.Mail.dll
Dependency assembly - System.ServiceModel.Web.dll
Dependency assembly - System.Xml.XPath.dll
Dependency assembly - MCPForUnity.Runtime.dll
Dependency assembly - System.Runtime.CompilerServices.VisualC.dll
Dependency assembly - Unity.Collections.Tests.CoreCLR.PrivateJobNested.dll
Dependency assembly - System.Security.Cryptography.X509Certificates.dll
Dependency assembly - System.Security.Cryptography.Csp.dll
Dependency assembly - System.Data.OracleClient.dll
Dependency assembly - System.Data.dll
Dependency assembly - System.Drawing.Design.dll
Dependency assembly - System.Security.Cryptography.ProtectedData.dll
Dependency assembly - System.Data.SqlClient.dll
Dependency assembly - System.Reflection.Extensions.dll
Dependency assembly - Mono.Security.dll
Dependency assembly - System.Collections.NonGeneric.dll
Dependency assembly - System.Text.Encoding.dll
Dependency assembly - System.DirectoryServices.Protocols.dll
Dependency assembly - System.ServiceModel.Http.dll
Dependency assembly - System.Threading.AccessControl.dll
Dependency assembly - System.IO.IsolatedStorage.dll
Dependency assembly - Unity.UnifiedRayTracing.Runtime.dll
Dependency assembly - System.ComponentModel.Annotations.dll
Dependency assembly - System.Security.Cryptography.Primitives.dll
Dependency assembly - System.IdentityModel.dll
Dependency assembly - System.Net.AuthenticationManager.dll
Dependency assembly - Unity.RenderPipelines.Core.Runtime.Shared.dll
Dependency assembly - System.Security.Cryptography.Encryption.Aes.dll
Dependency assembly - Unity.InternalAPIEngineBridge.RenderPipelines.Core.Runtime.Shared.dll
Dependency assembly - System.Resources.Reader.dll
Dependency assembly - System.Threading.Thread.dll
Dependency assembly - System.Runtime.Extensions.dll
Dependency assembly - System.Net.WebSockets.Client.dll
Dependency assembly - System.Runtime.Handles.dll
Dependency assembly - System.Json.dll
Dependency assembly - I18N.dll
Dependency assembly - Microsoft.CSharp.dll
Dependency assembly - System.Web.Services.dll
Dependency assembly - Unity.RenderPipelines.ShaderGraph.ShaderGraphLibrary.dll
Dependency assembly - System.Xml.XPath.XDocument.dll
Dependency assembly - System.Threading.Tasks.dll
Dependency assembly - System.IO.Compression.dll
Dependency assembly - System.Runtime.Serialization.dll
Dependency assembly - System.Text.Json.dll
Dependency assembly - System.Linq.Expressions.dll
Dependency assembly - System.Security.SecureString.dll
Dependency assembly - Unity.ProBuilder.dll
Dependency assembly - Microsoft.Win32.Registry.dll
Dependency assembly - System.Text.Encodings.Web.dll
Dependency assembly - Unity.Profiling.Core.dll
Dependency assembly - System.Security.Cryptography.Encryption.dll
Dependency assembly - System.ComponentModel.TypeConverter.dll
Dependency assembly - System.Security.dll
Dependency assembly - System.Configuration.Install.dll
Dependency assembly - System.Linq.Queryable.dll
Dependency assembly - System.Collections.Immutable.dll
Dependency assembly - System.Reflection.Emit.Lightweight.dll
Dependency assembly - System.Memory.dll
Dependency assembly - System.Text.Encoding.Extensions.dll
Dependency assembly - System.Diagnostics.FileVersionInfo.dll
Dependency assembly - Microsoft.Extensions.DependencyInjection.Abstractions.dll
Dependency assembly - System.Net.WebHeaderCollection.dll
Dependency assembly - System.Security.Cryptography.Pkcs.dll
Dependency assembly - System.IO.Compression.ZipFile.dll
Dependency assembly - System.Drawing.dll
Dependency assembly - System.Diagnostics.TraceSource.dll
Dependency assembly - Unity.PathTracing.Runtime.dll
Dependency assembly - I18N.Rare.dll
Dependency assembly - System.IO.FileSystem.dll
Dependency assembly - Unity.SurfaceCache.Runtime.dll
Dependency assembly - System.ServiceModel.dll
Dependency assembly - System.ServiceModel.Internals.dll
Dependency assembly - System.ServiceModel.NetTcp.dll
Dependency assembly - System.Runtime.CompilerServices.Unsafe.dll
Dependency assembly - System.Messaging.dll
Dependency assembly - System.IO.FileSystem.Watcher.dll
Dependency assembly - System.Net.Requests.dll
Dependency assembly - System.Reflection.DispatchProxy.dll
Dependency assembly - System.Xaml.dll
Dependency assembly - System.Collections.Concurrent.dll
Dependency assembly - System.Security.Principal.dll
Dependency assembly - Unity.ProBuilder.KdTree.dll
Dependency assembly - System.Reflection.Emit.ILGeneration.dll
Dependency assembly - System.Runtime.Serialization.Formatters.Soap.dll
Dependency assembly - System.IO.Pipes.dll
Dependency assembly - System.Xml.ReaderWriter.dll
Dependency assembly - System.Reflection.Metadata.dll
Dependency assembly - System.Data.Linq.dll
Dependency assembly - System.Linq.dll
Dependency assembly - System.Net.Sockets.dll
Dependency assembly - UnityEngine.UI.dll
Dependency assembly - System.Runtime.InteropServices.WindowsRuntime.dll
Dependency assembly - Unity.Collections.dll
Dependency assembly - System.Net.Security.dll
Dependency assembly - Microsoft.Bcl.AsyncInterfaces.dll
Dependency assembly - mscorlib.dll
Dependency assembly - System.ObjectModel.dll
Dependency assembly - System.Reflection.Context.dll
Dependency assembly - System.Windows.Forms.dll
Dependency assembly - System.AppContext.dll
Dependency assembly - System.ComponentModel.Composition.dll
Dependency assembly - System.Reflection.Emit.dll
Dependency assembly - System.Security.Cryptography.Encryption.ECDsa.dll
Dependency assembly - System.Security.Cryptography.Algorithms.dll
Dependency assembly - System.Xml.dll
Dependency assembly - System.Data.Entity.dll
Dependency assembly - System.Net.NetworkInformation.dll
Dependency assembly - System.Net.Ping.dll
Dependency assembly - System.Web.RegularExpressions.dll
Dependency assembly - System.Console.dll
Dependency assembly - System.Net.ServicePoint.dll
Dependency assembly - I18N.MidEast.dll
Dependency assembly - System.IO.MemoryMappedFiles.dll
Dependency assembly - System.Security.Cryptography.RandomNumberGenerator.dll
Dependency assembly - System.ComponentModel.DataAnnotations.dll
Dependency assembly - System.Buffers.dll
Dependency assembly - System.EnterpriseServices.dll
Dependency assembly - System.Runtime.DurableInstancing.dll
Dependency assembly - Unity.TextMeshPro.dll
Dependency assembly - System.ServiceModel.Activation.dll
Dependency assembly - System.Transactions.dll
Dependency assembly - System.ServiceProcess.ServiceController.dll
Dependency assembly - System.Net.dll
Dependency assembly - System.Xml.Linq.dll
Dependency assembly - System.IO.dll
Dependency assembly - System.Net.Cache.dll
Dependency assembly - System.Diagnostics.Process.dll
Dependency assembly - System.Reflection.dll
Dependency assembly - System.Security.Cryptography.OpenSsl.dll
Dependency assembly - System.Security.Cryptography.Hashing.dll
Dependency assembly - System.ValueTuple.dll
Dependency assembly - I18N.West.dll
Dependency assembly - System.Runtime.Numerics.dll
Dependency assembly - System.Threading.Timer.dll
Dependency assembly - System.Runtime.InteropServices.RuntimeInformation.dll
Dependency assembly - Unity.Cinemachine.dll
Dependency assembly - Accessibility.dll
Dependency assembly - System.ServiceModel.Routing.dll
Dependency assembly - System.Runtime.Serialization.Formatters.dll
Dependency assembly - System.ServiceProcess.dll
Dependency assembly - System.Web.Extensions.dll
Dependency assembly - System.Security.Cryptography.RSA.dll
Dependency assembly - System.Xml.XmlSerializer.dll
Dependency assembly - System.Security.Cryptography.DeriveBytes.dll
Dependency assembly - Unity.Burst.dll
Dependency assembly - System.Globalization.Calendars.dll
Dependency assembly - Microsoft.Win32.Registry.AccessControl.dll
Dependency assembly - System.IdentityModel.Selectors.dll
Dependency assembly - System.IO.UnmanagedMemoryStream.dll
Dependency assembly - System.Security.AccessControl.dll
Dependency assembly - System.Reflection.Primitives.dll
Dependency assembly - System.Threading.dll
Dependency assembly - System.Resources.ReaderWriter.dll
Dependency assembly - System.Runtime.Serialization.Primitives.dll
Dependency assembly - System.IO.Hashing.dll
Dependency assembly - System.Threading.Tasks.Parallel.dll
Dependency assembly - System.Xml.XPath.XmlDocument.dll
Dependency assembly - System.Net.Primitives.dll
Dependency assembly - Unity.Collections.LowLevel.ILSupport.dll
Dependency assembly - System.Net.Http.dll
Dependency assembly - System.Diagnostics.DiagnosticSource.dll
Dependency assembly - netstandard.dll
Dependency assembly - Unity.VisualEffectGraph.Runtime.dll
Dependency assembly - System.Threading.Tasks.Extensions.dll
Dependency assembly - System.Data.Services.dll
Dependency assembly - I18N.Other.dll
Dependency assembly - System.Security.Claims.dll
Dependency assembly - System.Diagnostics.Tracing.dll
Dependency assembly - System.dll
Dependency assembly - System.Security.Cryptography.Encoding.dll
Dependency assembly - Unity.RenderPipelines.Core.Runtime.dll
Dependency assembly - Unity.Mathematics.dll
Dependency assembly - System.DirectoryServices.dll
Dependency assembly - System.Windows.dll
Dependency assembly - System.Numerics.Vectors.dll
Dependency assembly - System.Configuration.dll
Dependency assembly - System.Data.DataSetExtensions.dll
Dependency assembly - Newtonsoft.Json.dll
Dependency assembly - System.Security.Cryptography.Cng.dll
Dependency assembly - System.IO.Compression.FileSystem.dll
Dependency assembly - System.Net.Utilities.dll
Dependency assembly - I18N.CJK.dll
Dependency assembly - System.Runtime.Serialization.Json.dll
Dependency assembly - System.IO.FileSystem.DriveInfo.dll
Dependency assembly - System.Design.dll
Dependency assembly - System.Security.Cryptography.Encryption.ECDiffieHellman.dll
Dependency assembly - System.Net.Http.WebRequest.dll
Dependency assembly - System.Core.dll
Dependency assembly - System.Data.Services.Client.dll
Dependency assembly - System.Linq.Parallel.dll
Dependency assembly - System.Dynamic.Runtime.dll
Dependency assembly - System.Drawing.Primitives.dll

DisplayProgressbar: Fetching assembly references
Opening scene 'Assets/Scenes/Boot.unity'
Unloading 2 Unused Serialized files (Serialized files now loaded: 0)
Loaded scene 'Assets/Scenes/Boot.unity'
	Deserialize:            0.712 ms
	Integration:            31.956 ms
	Integration of assets:  0.002 ms
	Thread Wait Time:       38.798 ms
	Total Operation Time:   71.468 ms
Unloading 37 unused Assets / (1.4 MB). Loaded Objects now: 5197.
Memory consumption went from 348.9 MB to 347.5 MB.
Total: 5.152700 ms (FindLiveObjects: 0.229400 ms CreateObjectMapping: 0.050100 ms MarkObjects: 4.468600 ms  DeleteObjects: 0.238000 ms)

Opening scene 'Assets/Scenes/MainMenu.unity'
Unloading 44 Unused Serialized files (Serialized files now loaded: 0)
Loaded scene 'Assets/Scenes/MainMenu.unity'
	Deserialize:            17.585 ms
	Integration:            30.438 ms
	Integration of assets:  0.066 ms
	Thread Wait Time:       -0.049 ms
	Total Operation Time:   48.041 ms
Unloading 57 unused Assets / (2.7 MB). Loaded Objects now: 18061.
Memory consumption went from 366.5 MB to 363.8 MB.
Total: 6.168800 ms (FindLiveObjects: 0.620000 ms CreateObjectMapping: 0.201900 ms MarkObjects: 4.774000 ms  DeleteObjects: 0.303500 ms)

Opening scene 'Assets/Scenes/Game.unity'
Unloading 7 Unused Serialized files (Serialized files now loaded: 0)
Loaded scene 'Assets/Scenes/Game.unity'
	Deserialize:            3.858 ms
	Integration:            7.133 ms
	Integration of assets:  1.223 ms
	Thread Wait Time:       0.082 ms
	Total Operation Time:   12.296 ms
Unloading 5839 unused Assets / (7.1 MB). Loaded Objects now: 5564.
Memory consumption went from 367.6 MB to 360.6 MB.
Total: 7.251900 ms (FindLiveObjects: 0.475300 ms CreateObjectMapping: 0.218000 ms MarkObjects: 4.604800 ms  DeleteObjects: 1.732700 ms)

Opening scene 'Assets/Scenes/Results.unity'
Unloading 7 Unused Serialized files (Serialized files now loaded: 0)
Loaded scene 'Assets/Scenes/Results.unity'
	Deserialize:            1.419 ms
	Integration:            5.178 ms
	Integration of assets:  0.001 ms
	Thread Wait Time:       0.006 ms
	Total Operation Time:   6.604 ms
Unloading 206 unused Assets / (1.1 MB). Loaded Objects now: 5311.
Memory consumption went from 361.5 MB to 360.5 MB.
Total: 5.119700 ms (FindLiveObjects: 0.261100 ms CreateObjectMapping: 0.069200 ms MarkObjects: 4.251600 ms  DeleteObjects: 0.325000 ms)

Unloading 2 Unused Serialized files (Serialized files now loaded: 0)
Unloading 1 unused Assets / (3.0 KB). Loaded Objects now: 5195.
Memory consumption went from 360.2 MB to 360.2 MB.
Total: 5.028900 ms (FindLiveObjects: 0.226900 ms CreateObjectMapping: 0.046000 ms MarkObjects: 4.533900 ms  DeleteObjects: 0.016400 ms)

Unloading 1 Unused Serialized files (Serialized files now loaded: 0)
Unloading 0 unused Assets / (Unknown). Loaded Objects now: 5197.
Memory consumption went from 360.7 MB to 360.7 MB.
Total: 5.037000 ms (FindLiveObjects: 0.261100 ms CreateObjectMapping: 0.046000 ms MarkObjects: 4.514200 ms  DeleteObjects: 0.008000 ms)

Unloading 1 Unused Serialized files (Serialized files now loaded: 0)
Unloading 174 unused Assets / (149.1 MB). Loaded Objects now: 5197.
Memory consumption went from 510.8 MB to 361.7 MB.
Total: 14.440400 ms (FindLiveObjects: 0.251000 ms CreateObjectMapping: 0.050200 ms MarkObjects: 4.475000 ms  DeleteObjects: 9.448900 ms)

Compiling shader "Standard"
  Pass "FORWARD" (vp)
    Target graphics API: gles3
    Full variant space:         1.328
    After settings filtering:   1.328
    After built-in stripping:   48
    After scriptable stripping: 48
    Processed in 0.01 seconds
    Target graphics API: vulkan
    Full variant space:         1.328
    After settings filtering:   1.328
    After built-in stripping:   48
    After scriptable stripping: 48
    Processed in 0.00 seconds
  Pass "FORWARD_DELTA" (vp)
    Target graphics API: gles3
    Full variant space:         188
    After settings filtering:   188
    After built-in stripping:   39
    After scriptable stripping: 39
    Processed in 0.00 seconds
    Target graphics API: vulkan
    Full variant space:         188
    After settings filtering:   188
    After built-in stripping:   39
    After scriptable stripping: 39
    Processed in 0.00 seconds
  Pass "ShadowCaster" (vp)
    Target graphics API: gles3
    Full variant space:         4
    After settings filtering:   4
    After built-in stripping:   6
    After scriptable stripping: 6
    Processed in 0.00 seconds
    Target graphics API: vulkan
    Full variant space:         4
    After settings filtering:   4
    After built-in stripping:   6
    After scriptable stripping: 6
    Processed in 0.00 seconds
  Pass "DEFERRED" (vp)
    Target graphics API: gles3
    Full variant space:         152
    After settings filtering:   152
    After built-in stripping:   24
    After scriptable stripping: 24
    Processed in 0.00 seconds
    Target graphics API: vulkan
    Full variant space:         152
    After settings filtering:   152
    After built-in stripping:   24
    After scriptable stripping: 24
    Processed in 0.00 seconds
  Pass "FORWARD" (vp)
    Target graphics API: gles3
    Full variant space:         416
    After settings filtering:   416
    After built-in stripping:   48
    After scriptable stripping: 48
    Processed in 0.00 seconds
    Target graphics API: vulkan
    Full variant space:         416
    After settings filtering:   416
    After built-in stripping:   48
    After scriptable stripping: 48
    Processed in 0.00 seconds
  Pass "FORWARD_DELTA" (vp)
    Target graphics API: gles3
    Full variant space:         140
    After settings filtering:   140
    After built-in stripping:   30
    After scriptable stripping: 30
    Processed in 0.00 seconds
    Target graphics API: vulkan
    Full variant space:         140
    After settings filtering:   140
    After built-in stripping:   30
    After scriptable stripping: 30
    Processed in 0.00 seconds
  Pass "ShadowCaster" (vp)
    Target graphics API: gles3
    Full variant space:         2
    After settings filtering:   2
    After built-in stripping:   6
    After scriptable stripping: 6
    Processed in 0.00 seconds
    Target graphics API: vulkan
    Full variant space:         2
    After settings filtering:   2
    After built-in stripping:   6
    After scriptable stripping: 6
    Processed in 0.00 seconds
  Pass FORWARD (vp, gles3) finished in 0.71 seconds. Local cache hits 48 (9.35s CPU time), remote cache hits 0 (0.00s CPU time), compiled 0 variants (0.00s CPU time), skipped 0 variants.
  Pass FORWARD (vp, vulkan) finished in 2.25 seconds. Local cache hits 48 (13.33s CPU time), remote cache hits 0 (0.00s CPU time), compiled 0 variants (0.00s CPU time), skipped 0 variants.
    Prepared data for serialisation in 0.00s
  Pass FORWARD_DELTA (vp, gles3) finished in 2.65 seconds. Local cache hits 39 (7.64s CPU time), remote cache hits 0 (0.00s CPU time), compiled 0 variants (0.00s CPU time), skipped 0 variants.
  Pass FORWARD_DELTA (vp, vulkan) finished in 0.74 seconds. Local cache hits 39 (9.95s CPU time), remote cache hits 0 (0.00s CPU time), compiled 0 variants (0.00s CPU time), skipped 0 variants.
    Prepared data for serialisation in 0.00s
  Pass ShadowCaster (vp, gles3) finished in 2.56 seconds. Local cache hits 6 (0.63s CPU time), remote cache hits 0 (0.00s CPU time), compiled 0 variants (0.00s CPU time), skipped 0 variants.
  Pass ShadowCaster (vp, vulkan) finished in 0.49 seconds. Local cache hits 6 (2.24s CPU time), remote cache hits 0 (0.00s CPU time), compiled 0 variants (0.00s CPU time), skipped 0 variants.
    Prepared data for serialisation in 0.00s
  Pass DEFERRED (vp, gles3) finished in 2.62 seconds. Local cache hits 24 (6.26s CPU time), remote cache hits 0 (0.00s CPU time), compiled 0 variants (0.00s CPU time), skipped 0 variants.
  Pass DEFERRED (vp, vulkan) finished in 0.37 seconds. Local cache hits 24 (3.36s CPU time), remote cache hits 0 (0.00s CPU time), compiled 0 variants (0.00s CPU time), skipped 0 variants.
    Prepared data for serialisation in 0.00s
  Pass FORWARD (vp, gles3) finished in 2.50 seconds. Local cache hits 48 (9.33s CPU time), remote cache hits 0 (0.00s CPU time), compiled 0 variants (0.00s CPU time), skipped 0 variants.
  Pass FORWARD (vp, vulkan) finished in 0.36 seconds. Local cache hits 48 (4.37s CPU time), remote cache hits 0 (0.00s CPU time), compiled 0 variants (0.00s CPU time), skipped 0 variants.
    Prepared data for serialisation in 0.00s
  Pass FORWARD_DELTA (vp, gles3) finished in 2.16 seconds. Local cache hits 30 (5.88s CPU time), remote cache hits 0 (0.00s CPU time), compiled 0 variants (0.00s CPU time), skipped 0 variants.
  Pass FORWARD_DELTA (vp, vulkan) finished in 0.13 seconds. Local cache hits 30 (1.73s CPU time), remote cache hits 0 (0.00s CPU time), compiled 0 variants (0.00s CPU time), skipped 0 variants.
    Prepared data for serialisation in 0.00s
  Pass ShadowCaster (vp, gles3) finished in 1.78 seconds. Local cache hits 6 (0.64s CPU time), remote cache hits 0 (0.00s CPU time), compiled 0 variants (0.00s CPU time), skipped 0 variants.
  Pass ShadowCaster (vp, vulkan) finished in 0.02 seconds. Local cache hits 6 (0.11s CPU time), remote cache hits 0 (0.00s CPU time), compiled 0 variants (0.00s CPU time), skipped 0 variants.
    Prepared data for serialisation in 0.00s
Serialized binary data for shader Standard in 0.00s
    gles3 (total internal programs: 201, unique: 84)
    vulkan (total internal programs: 201, unique: 84)
Compiling shader "Legacy Shaders/Particles/Alpha Blended"
  Pass "" (vp)
    Target graphics API: gles3
    Full variant space:         8
    After settings filtering:   8
    After built-in stripping:   6
    After scriptable stripping: 6
    Processed in 0.00 seconds
    Target graphics API: vulkan
    Full variant space:         8
    After settings filtering:   8
    After built-in stripping:   6
    After scriptable stripping: 6
    Processed in 0.00 seconds
  Pass  (vp, gles3) finished in 0.02 seconds. Local cache hits 6 (0.09s CPU time), remote cache hits 0 (0.00s CPU time), compiled 0 variants (0.00s CPU time), skipped 0 variants.
  Pass  (vp, vulkan) finished in 0.02 seconds. Local cache hits 6 (0.10s CPU time), remote cache hits 0 (0.00s CPU time), compiled 0 variants (0.00s CPU time), skipped 0 variants.
    Prepared data for serialisation in 0.00s
Serialized binary data for shader Legacy Shaders/Particles/Alpha Blended in 0.00s
    gles3 (total internal programs: 6, unique: 2)
    vulkan (total internal programs: 6, unique: 2)
Compiling shader "Unlit/Texture"
  Pass "" (vp)
    Target graphics API: gles3
    Full variant space:         4
    After settings filtering:   4
    After built-in stripping:   3
    After scriptable stripping: 3
    Processed in 0.00 seconds
    Target graphics API: vulkan
    Full variant space:         4
    After settings filtering:   4
    After built-in stripping:   3
    After scriptable stripping: 3
    Processed in 0.00 seconds
  Pass  (vp, gles3) finished in 0.00 seconds. Local cache hits 3 (0.00s CPU time), remote cache hits 0 (0.00s CPU time), compiled 0 variants (0.00s CPU time), skipped 0 variants.
  Pass  (vp, vulkan) finished in 0.00 seconds. Local cache hits 3 (0.00s CPU time), remote cache hits 0 (0.00s CPU time), compiled 0 variants (0.00s CPU time), skipped 0 variants.
    Prepared data for serialisation in 0.00s
Serialized binary data for shader Unlit/Texture in 0.00s
    gles3 (total internal programs: 3, unique: 1)
    vulkan (total internal programs: 3, unique: 1)
Compiling shader "Hidden/ProBuilder/VertexPickerURP"
Serialized binary data for shader Hidden/ProBuilder/VertexPickerURP in 0.00s
    gles3 (total internal programs: 0, unique: 0)
    vulkan (total internal programs: 0, unique: 0)
Compiling shader "Hidden/ProBuilder/EdgePickerURP"
Serialized binary data for shader Hidden/ProBuilder/EdgePickerURP in 0.00s
    gles3 (total internal programs: 0, unique: 0)
    vulkan (total internal programs: 0, unique: 0)
Compiling shader "Hidden/ProBuilder/EdgePicker"
  Pass "Edges" (vp)
    Target graphics API: gles3
    Full variant space:         1
    After settings filtering:   1
    After built-in stripping:   3
    After scriptable stripping: 3
    Processed in 0.00 seconds
    Target graphics API: vulkan
    Full variant space:         1
    After settings filtering:   1
    After built-in stripping:   3
    After scriptable stripping: 3
    Processed in 0.00 seconds
  Pass Edges (vp, gles3) finished in 0.04 seconds. Local cache hits 3 (0.12s CPU time), remote cache hits 0 (0.00s CPU time), compiled 0 variants (0.00s CPU time), skipped 0 variants.
  Pass Edges (vp, vulkan) finished in 0.05 seconds. Local cache hits 3 (0.15s CPU time), remote cache hits 0 (0.00s CPU time), compiled 0 variants (0.00s CPU time), skipped 0 variants.
    Prepared data for serialisation in 0.00s
Serialized binary data for shader Hidden/ProBuilder/EdgePicker in 0.00s
    gles3 (total internal programs: 3, unique: 1)
    vulkan (total internal programs: 3, unique: 1)
Compiling shader "Hidden/ProBuilder/FacePickerURP"
Serialized binary data for shader Hidden/ProBuilder/FacePickerURP in 0.00s
    gles3 (total internal programs: 0, unique: 0)
    vulkan (total internal programs: 0, unique: 0)
Compiling shader "Hidden/ProBuilder/VertexPicker"
  Pass "Vertices" (vp)
    Target graphics API: gles3
    Full variant space:         1
    After settings filtering:   1
    After built-in stripping:   3
    After scriptable stripping: 3
    Processed in 0.00 seconds
    Target graphics API: vulkan
    Full variant space:         1
    After settings filtering:   1
    After built-in stripping:   3
    After scriptable stripping: 3
    Processed in 0.00 seconds
  Pass Vertices (vp, gles3) finished in 0.09 seconds. Local cache hits 3 (0.25s CPU time), remote cache hits 0 (0.00s CPU time), compiled 0 variants (0.00s CPU time), skipped 0 variants.
  Pass Vertices (vp, vulkan) finished in 0.09 seconds. Local cache hits 3 (0.25s CPU time), remote cache hits 0 (0.00s CPU time), compiled 0 variants (0.00s CPU time), skipped 0 variants.
    Prepared data for serialisation in 0.00s
Serialized binary data for shader Hidden/ProBuilder/VertexPicker in 0.00s
    gles3 (total internal programs: 3, unique: 1)
    vulkan (total internal programs: 3, unique: 1)
Compiling shader "Hidden/ProBuilder/FacePicker"
  Pass "Base" (vp)
    Target graphics API: gles3
    Full variant space:         1
    After settings filtering:   1
    After built-in stripping:   3
    After scriptable stripping: 3
    Processed in 0.00 seconds
    Target graphics API: vulkan
    Full variant space:         1
    After settings filtering:   1
    After built-in stripping:   3
    After scriptable stripping: 3
    Processed in 0.00 seconds
  Pass Base (vp, gles3) finished in 0.07 seconds. Local cache hits 3 (0.19s CPU time), remote cache hits 0 (0.00s CPU time), compiled 0 variants (0.00s CPU time), skipped 0 variants.
  Pass Base (vp, vulkan) finished in 0.07 seconds. Local cache hits 3 (0.22s CPU time), remote cache hits 0 (0.00s CPU time), compiled 0 variants (0.00s CPU time), skipped 0 variants.
    Prepared data for serialisation in 0.00s
Serialized binary data for shader Hidden/ProBuilder/FacePicker in 0.00s
    gles3 (total internal programs: 3, unique: 1)
    vulkan (total internal programs: 3, unique: 1)
Compiling shader "Hidden/ProBuilder/HideVertices"
  Pass "" (vp)
    Target graphics API: gles3
    Full variant space:         1
    After settings filtering:   1
    After built-in stripping:   3
    After scriptable stripping: 3
    Processed in 0.00 seconds
    Target graphics API: vulkan
    Full variant space:         1
    After settings filtering:   1
    After built-in stripping:   3
    After scriptable stripping: 3
    Processed in 0.00 seconds
  Pass  (vp, gles3) finished in 0.00 seconds. Local cache hits 3 (0.00s CPU time), remote cache hits 0 (0.00s CPU time), compiled 0 variants (0.00s CPU time), skipped 0 variants.
  Pass  (vp, vulkan) finished in 0.05 seconds. Local cache hits 3 (0.16s CPU time), remote cache hits 0 (0.00s CPU time), compiled 0 variants (0.00s CPU time), skipped 0 variants.
    Prepared data for serialisation in 0.00s
Serialized binary data for shader Hidden/ProBuilder/HideVertices in 0.00s
    gles3 (total internal programs: 3, unique: 1)
    vulkan (total internal programs: 3, unique: 1)
Compiling shader "Hidden/VoxelizeShader"
  Pass "" (vp)
    Target graphics API: gles3
    Full variant space:         1
    After settings filtering:   1
    After built-in stripping:   3
    After scriptable stripping: 3
    Processed in 0.00 seconds
    Target graphics API: vulkan
    Full variant space:         1
    After settings filtering:   1
    After built-in stripping:   3
    After scriptable stripping: 3
    Processed in 0.00 seconds
  Pass "" (vp)
    Target graphics API: gles3
    Full variant space:         1
    After settings filtering:   1
    After built-in stripping:   3
    After scriptable stripping: 3
    Processed in 0.00 seconds
    Target graphics API: vulkan
    Full variant space:         1
    After settings filtering:   1
    After built-in stripping:   3
    After scriptable stripping: 3
    Processed in 0.00 seconds
  Pass  (vp, gles3) finished in 0.08 seconds. Local cache hits 3 (0.18s CPU time), remote cache hits 0 (0.00s CPU time), compiled 0 variants (0.00s CPU time), skipped 0 variants.
  Pass  (vp, vulkan) finished in 0.08 seconds. Local cache hits 3 (0.23s CPU time), remote cache hits 0 (0.00s CPU time), compiled 0 variants (0.00s CPU time), skipped 0 variants.
    Prepared data for serialisation in 0.00s
  Pass  (vp, gles3) finished in 0.08 seconds. Local cache hits 3 (0.22s CPU time), remote cache hits 0 (0.00s CPU time), compiled 0 variants (0.00s CPU time), skipped 0 variants.
  Pass  (vp, vulkan) finished in 0.08 seconds. Local cache hits 3 (0.23s CPU time), remote cache hits 0 (0.00s CPU time), compiled 0 variants (0.00s CPU time), skipped 0 variants.
    Prepared data for serialisation in 0.00s
Serialized binary data for shader Hidden/VoxelizeShader in 0.00s
    gles3 (total internal programs: 6, unique: 2)
    vulkan (total internal programs: 6, unique: 2)
Compiling shader "Hidden/VFX/Empty"
  Pass "" (vp)
    Target graphics API: gles3
    Full variant space:         4
    After settings filtering:   4
    After built-in stripping:   3
    After scriptable stripping: 0
    Processed in 0.00 seconds
    Target graphics API: vulkan
    Full variant space:         4
    After settings filtering:   4
    After built-in stripping:   3
    After scriptable stripping: 0
    Processed in 0.00 seconds
Serialized binary data for shader Hidden/VFX/Empty in 0.00s
    gles3 (total internal programs: 0, unique: 0)
    vulkan (total internal programs: 0, unique: 0)
Compiling compute shader "VFXCopyBuffer"
    starting stripping...
    finished in 0.00 seconds. 18 of 18 variants left
    18 variants, starting compilation...
    finished in 0.04 seconds. Local cache hits 18, remote cache hits 0, compiled 0 variants
Compiling compute shader "GenSdfRayMap"
    starting stripping...
    finished in 0.00 seconds. 42 of 42 variants left
    42 variants, starting compilation...
    finished in 0.17 seconds. Local cache hits 42, remote cache hits 0, compiled 0 variants
Compiling compute shader "VFXPrefixSum"
    starting stripping...
    finished in 0.00 seconds. 10 of 10 variants left
    10 variants, starting compilation...
    finished in 0.07 seconds. Local cache hits 10, remote cache hits 0, compiled 0 variants
Compiling compute shader "VFXFillIndirectArgs"
    starting stripping...
    finished in 0.00 seconds. 2 of 2 variants left
    2 variants, starting compilation...
    finished in 0.00 seconds. Local cache hits 2, remote cache hits 0, compiled 0 variants
Compiling compute shader "UpdateStrips"
    starting stripping...
    finished in 0.00 seconds. 2 of 2 variants left
    2 variants, starting compilation...
    finished in 0.00 seconds. Local cache hits 2, remote cache hits 0, compiled 0 variants
Compiling compute shader "Sort"
    starting stripping...
    finished in 0.00 seconds. 24 of 24 variants left
    24 variants, starting compilation...
    finished in 0.10 seconds. Local cache hits 24, remote cache hits 0, compiled 0 variants
Compiling shader "Skybox/Procedural"
  Pass "" (vp)
    Target graphics API: gles3
    Full variant space:         3
    After settings filtering:   3
    After built-in stripping:   9
    After scriptable stripping: 9
    Processed in 0.00 seconds
    Target graphics API: vulkan
    Full variant space:         3
    After settings filtering:   3
    After built-in stripping:   9
    After scriptable stripping: 9
    Processed in 0.00 seconds
  Pass  (vp, gles3) finished in 0.16 seconds. Local cache hits 9 (0.98s CPU time), remote cache hits 0 (0.00s CPU time), compiled 0 variants (0.00s CPU time), skipped 0 variants.
  Pass  (vp, vulkan) finished in 0.20 seconds. Local cache hits 9 (1.26s CPU time), remote cache hits 0 (0.00s CPU time), compiled 0 variants (0.00s CPU time), skipped 0 variants.
    Prepared data for serialisation in 0.00s
Serialized binary data for shader Skybox/Procedural in 0.00s
    gles3 (total internal programs: 9, unique: 3)
    vulkan (total internal programs: 9, unique: 3)
Compiling shader "Legacy Shaders/VertexLit"
  Pass "" (vp)
    Target graphics API: gles3
    Full variant space:         12
    After settings filtering:   12
    After built-in stripping:   9
    After scriptable stripping: 9
    Processed in 0.00 seconds
    Target graphics API: vulkan
    Full variant space:         12
    After settings filtering:   12
    After built-in stripping:   9
    After scriptable stripping: 9
    Processed in 0.00 seconds
  Pass "" (vp)
    Target graphics API: gles3
    Full variant space:         4
    After settings filtering:   4
    After built-in stripping:   3
    After scriptable stripping: 3
    Processed in 0.00 seconds
    Target graphics API: vulkan
    Full variant space:         4
    After settings filtering:   4
    After built-in stripping:   3
    After scriptable stripping: 3
    Processed in 0.00 seconds
  Pass "ShadowCaster" (vp)
    Target graphics API: gles3
    Full variant space:         4
    After settings filtering:   4
    After built-in stripping:   6
    After scriptable stripping: 6
    Processed in 0.00 seconds
    Target graphics API: vulkan
    Full variant space:         4
    After settings filtering:   4
    After built-in stripping:   6
    After scriptable stripping: 6
    Processed in 0.00 seconds
  Pass  (vp, gles3) finished in 0.19 seconds. Local cache hits 9 (1.68s CPU time), remote cache hits 0 (0.00s CPU time), compiled 0 variants (0.00s CPU time), skipped 0 variants.
  Pass  (vp, vulkan) finished in 0.19 seconds. Local cache hits 9 (1.68s CPU time), remote cache hits 0 (0.00s CPU time), compiled 0 variants (0.00s CPU time), skipped 0 variants.
    Prepared data for serialisation in 0.00s
  Pass  (vp, gles3) finished in 0.22 seconds. Local cache hits 3 (0.25s CPU time), remote cache hits 0 (0.00s CPU time), compiled 0 variants (0.00s CPU time), skipped 0 variants.
  Pass  (vp, vulkan) finished in 0.04 seconds. Local cache hits 3 (0.10s CPU time), remote cache hits 0 (0.00s CPU time), compiled 0 variants (0.00s CPU time), skipped 0 variants.
    Prepared data for serialisation in 0.00s
  Pass ShadowCaster (vp, gles3) finished in 0.06 seconds. Local cache hits 6 (0.28s CPU time), remote cache hits 0 (0.00s CPU time), compiled 0 variants (0.00s CPU time), skipped 0 variants.
  Pass ShadowCaster (vp, vulkan) finished in 0.06 seconds. Local cache hits 6 (0.30s CPU time), remote cache hits 0 (0.00s CPU time), compiled 0 variants (0.00s CPU time), skipped 0 variants.
    Prepared data for serialisation in 0.00s
Serialized binary data for shader Legacy Shaders/VertexLit in 0.00s
    gles3 (total internal programs: 18, unique: 6)
    vulkan (total internal programs: 18, unique: 6)
Compiling shader "Legacy Shaders/Diffuse"
  Pass "FORWARD" (vp)
    Target graphics API: gles3
    Full variant space:         664
    After settings filtering:   664
    After built-in stripping:   24
    After scriptable stripping: 24
    Processed in 0.00 seconds
    Target graphics API: vulkan
    Full variant space:         664
    After settings filtering:   664
    After built-in stripping:   24
    After scriptable stripping: 24
    Processed in 0.00 seconds
  Pass "FORWARD" (vp)
    Target graphics API: gles3
    Full variant space:         20
    After settings filtering:   20
    After built-in stripping:   15
    After scriptable stripping: 15
    Processed in 0.00 seconds
    Target graphics API: vulkan
    Full variant space:         20
    After settings filtering:   20
    After built-in stripping:   15
    After scriptable stripping: 15
    Processed in 0.00 seconds
  Pass "DEFERRED" (vp)
    Target graphics API: gles3
    Full variant space:         76
    After settings filtering:   76
    After built-in stripping:   12
    After scriptable stripping: 12
    Processed in 0.00 seconds
    Target graphics API: vulkan
    Full variant space:         76
    After settings filtering:   76
    After built-in stripping:   12
    After scriptable stripping: 12
    Processed in 0.00 seconds
  Pass FORWARD (vp, gles3) finished in 0.01 seconds. Local cache hits 24 (0.12s CPU time), remote cache hits 0 (0.00s CPU time), compiled 0 variants (0.00s CPU time), skipped 0 variants.
  Pass FORWARD (vp, vulkan) finished in 0.07 seconds. Local cache hits 24 (0.39s CPU time), remote cache hits 0 (0.00s CPU time), compiled 0 variants (0.00s CPU time), skipped 0 variants.
    Prepared data for serialisation in 0.00s
  Pass FORWARD (vp, gles3) finished in 0.07 seconds. Local cache hits 15 (0.08s CPU time), remote cache hits 0 (0.00s CPU time), compiled 0 variants (0.00s CPU time), skipped 0 variants.
  Pass FORWARD (vp, vulkan) finished in 0.05 seconds. Local cache hits 15 (0.53s CPU time), remote cache hits 0 (0.00s CPU time), compiled 0 variants (0.00s CPU time), skipped 0 variants.
    Prepared data for serialisation in 0.00s
  Pass DEFERRED (vp, gles3) finished in 0.06 seconds. Local cache hits 12 (0.19s CPU time), remote cache hits 0 (0.00s CPU time), compiled 0 variants (0.00s CPU time), skipped 0 variants.
  Pass DEFERRED (vp, vulkan) finished in 0.04 seconds. Local cache hits 12 (0.09s CPU time), remote cache hits 0 (0.00s CPU time), compiled 0 variants (0.00s CPU time), skipped 0 variants.
    Prepared data for serialisation in 0.00s
Serialized binary data for shader Legacy Shaders/Diffuse in 0.00s
    gles3 (total internal programs: 51, unique: 17)
    vulkan (total internal programs: 51, unique: 17)
Compiling shader "Hidden/Internal-StencilWrite"
  Pass "" (vp)
    Target graphics API: gles3
    Full variant space:         1
    After settings filtering:   1
    After built-in stripping:   3
    After scriptable stripping: 3
    Processed in 0.00 seconds
    Target graphics API: vulkan
    Full variant space:         1
    After settings filtering:   1
    After built-in stripping:   3
    After scriptable stripping: 3
    Processed in 0.00 seconds
  Pass  (vp, gles3) finished in 0.05 seconds. Local cache hits 3 (0.14s CPU time), remote cache hits 0 (0.00s CPU time), compiled 0 variants (0.00s CPU time), skipped 0 variants.
  Pass  (vp, vulkan) finished in 0.05 seconds. Local cache hits 3 (0.14s CPU time), remote cache hits 0 (0.00s CPU time), compiled 0 variants (0.00s CPU time), skipped 0 variants.
    Prepared data for serialisation in 0.00s
Serialized binary data for shader Hidden/Internal-StencilWrite in 0.00s
    gles3 (total internal programs: 3, unique: 1)
    vulkan (total internal programs: 3, unique: 1)
Compiling shader "Hidden/Internal-DepthNormalsTexture"
  Pass "" (vp)
    Target graphics API: gles3
    Full variant space:         1
    After settings filtering:   1
    After built-in stripping:   3
    After scriptable stripping: 3
    Processed in 0.00 seconds
    Target graphics API: vulkan
    Full variant space:         1
    After settings filtering:   1
    After built-in stripping:   3
    After scriptable stripping: 3
    Processed in 0.00 seconds
  Pass "" (vp)
    Target graphics API: gles3
    Full variant space:         1
    After settings filtering:   1
    After built-in stripping:   3
    After scriptable stripping: 3
    Processed in 0.00 seconds
    Target graphics API: vulkan
    Full variant space:         1
    After settings filtering:   1
    After built-in stripping:   3
    After scriptable stripping: 3
    Processed in 0.00 seconds
  Pass "" (vp)
    Target graphics API: gles3
    Full variant space:         1
    After settings filtering:   1
    After built-in stripping:   3
    After scriptable stripping: 3
    Processed in 0.00 seconds
    Target graphics API: vulkan
    Full variant space:         1
    After settings filtering:   1
    After built-in stripping:   3
    After scriptable stripping: 3
    Processed in 0.00 seconds
  Pass "" (vp)
    Target graphics API: gles3
    Full variant space:         1
    After settings filtering:   1
    After built-in stripping:   3
    After scriptable stripping: 3
    Processed in 0.00 seconds
    Target graphics API: vulkan
    Full variant space:         1
    After settings filtering:   1
    After built-in stripping:   3
    After scriptable stripping: 3
    Processed in 0.00 seconds
  Pass "" (vp)
    Target graphics API: gles3
    Full variant space:         1
    After settings filtering:   1
    After built-in stripping:   3
    After scriptable stripping: 3
    Processed in 0.00 seconds
    Target graphics API: vulkan
    Full variant space:         1
    After settings filtering:   1
    After built-in stripping:   3
    After scriptable stripping: 3
    Processed in 0.00 seconds
  Pass "" (vp)
    Target graphics API: gles3
    Full variant space:         1
    After settings filtering:   1
    After built-in stripping:   3
    After scriptable stripping: 3
    Processed in 0.00 seconds
    Target graphics API: vulkan
    Full variant space:         1
    After settings filtering:   1
    After built-in stripping:   3
    After scriptable stripping: 3
    Processed in 0.00 seconds
  Pass "" (vp)
    Target graphics API: gles3
    Full variant space:         1
    After settings filtering:   1
    After built-in stripping:   3
    After scriptable stripping: 3
    Processed in 0.00 seconds
    Target graphics API: vulkan
    Full variant space:         1
    After settings filtering:   1
    After built-in stripping:   3
    After scriptable stripping: 3
    Processed in 0.00 seconds
  Pass "" (vp)
    Target graphics API: gles3
    Full variant space:         1
    After settings filtering:   1
    After built-in stripping:   3
    After scriptable stripping: 3
    Processed in 0.00 seconds
    Target graphics API: vulkan
    Full variant space:         1
    After settings filtering:   1
    After built-in stripping:   3
    After scriptable stripping: 3
    Processed in 0.00 seconds
  Pass "" (vp)
    Target graphics API: gles3
    Full variant space:         1
    After settings filtering:   1
    After built-in stripping:   3
    After scriptable stripping: 3
    Processed in 0.00 seconds
    Target graphics API: vulkan
    Full variant space:         1
    After settings filtering:   1
    After built-in stripping:   3
    After scriptable stripping: 3
    Processed in 0.00 seconds
  Pass "" (vp)
    Target graphics API: gles3
    Full variant space:         1
    After settings filtering:   1
    After built-in stripping:   3
    After scriptable stripping: 3
    Processed in 0.00 seconds
    Target graphics API: vulkan
    Full variant space:         1
    After settings filtering:   1
    After built-in stripping:   3
    After scriptable stripping: 3
    Processed in 0.00 seconds
  Pass  (vp, gles3) finished in 0.02 seconds. Local cache hits 3 (0.04s CPU time), remote cache hits 0 (0.00s CPU time), compiled 0 variants (0.00s CPU time), skipped 0 variants.
  Pass  (vp, vulkan) finished in 0.02 seconds. Local cache hits 3 (0.05s CPU time), remote cache hits 0 (0.00s CPU time), compiled 0 variants (0.00s CPU time), skipped 0 variants.
    Prepared data for serialisation in 0.00s
  Pass  (vp, gles3) finished in 0.02 seconds. Local cache hits 3 (0.05s CPU time), remote cache hits 0 (0.00s CPU time), compiled 0 variants (0.00s CPU time), skipped 0 variants.
  Pass  (vp, vulkan) finished in 0.02 seconds. Local cache hits 3 (0.04s CPU time), remote cache hits 0 (0.00s CPU time), compiled 0 variants (0.00s CPU time), skipped 0 variants.
    Prepared data for serialisation in 0.00s
  Pass  (vp, gles3) finished in 0.02 seconds. Local cache hits 3 (0.05s CPU time), remote cache hits 0 (0.00s CPU time), compiled 0 variants (0.00s CPU time), skipped 0 variants.
  Pass  (vp, vulkan) finished in 0.02 seconds. Local cache hits 3 (0.05s CPU time), remote cache hits 0 (0.00s CPU time), compiled 0 variants (0.00s CPU time), skipped 0 variants.
    Prepared data for serialisation in 0.00s
  Pass  (vp, gles3) finished in 0.02 seconds. Local cache hits 3 (0.03s CPU time), remote cache hits 0 (0.00s CPU time), compiled 0 variants (0.00s CPU time), skipped 0 variants.
  Pass  (vp, vulkan) finished in 0.00 seconds. Local cache hits 3 (0.01s CPU time), remote cache hits 0 (0.00s CPU time), compiled 0 variants (0.00s CPU time), skipped 0 variants.
    Prepared data for serialisation in 0.00s
  Pass  (vp, gles3) finished in 0.01 seconds. Local cache hits 3 (0.01s CPU time), remote cache hits 0 (0.00s CPU time), compiled 0 variants (0.00s CPU time), skipped 0 variants.
  Pass  (vp, vulkan) finished in 0.01 seconds. Local cache hits 3 (0.01s CPU time), remote cache hits 0 (0.00s CPU time), compiled 0 variants (0.00s CPU time), skipped 0 variants.
    Prepared data for serialisation in 0.00s
  Pass  (vp, gles3) finished in 0.00 seconds. Local cache hits 3 (0.01s CPU time), remote cache hits 0 (0.00s CPU time), compiled 0 variants (0.00s CPU time), skipped 0 variants.
  Pass  (vp, vulkan) finished in 0.03 seconds. Local cache hits 3 (0.03s CPU time), remote cache hits 0 (0.00s CPU time), compiled 0 variants (0.00s CPU time), skipped 0 variants.
    Prepared data for serialisation in 0.00s
  Pass  (vp, gles3) finished in 0.04 seconds. Local cache hits 3 (0.08s CPU time), remote cache hits 0 (0.00s CPU time), compiled 0 variants (0.00s CPU time), skipped 0 variants.
  Pass  (vp, vulkan) finished in 0.04 seconds. Local cache hits 3 (0.08s CPU time), remote cache hits 0 (0.00s CPU time), compiled 0 variants (0.00s CPU time), skipped 0 variants.
    Prepared data for serialisation in 0.00s
  Pass  (vp, gles3) finished in 0.04 seconds. Local cache hits 3 (0.08s CPU time), remote cache hits 0 (0.00s CPU time), compiled 0 variants (0.00s CPU time), skipped 0 variants.
  Pass  (vp, vulkan) finished in 0.04 seconds. Local cache hits 3 (0.10s CPU time), remote cache hits 0 (0.00s CPU time), compiled 0 variants (0.00s CPU time), skipped 0 variants.
    Prepared data for serialisation in 0.00s
  Pass  (vp, gles3) finished in 0.04 seconds. Local cache hits 3 (0.11s CPU time), remote cache hits 0 (0.00s CPU time), compiled 0 variants (0.00s CPU time), skipped 0 variants.
  Pass  (vp, vulkan) finished in 0.04 seconds. Local cache hits 3 (0.08s CPU time), remote cache hits 0 (0.00s CPU time), compiled 0 variants (0.00s CPU time), skipped 0 variants.
    Prepared data for serialisation in 0.00s
  Pass  (vp, gles3) finished in 0.04 seconds. Local cache hits 3 (0.08s CPU time), remote cache hits 0 (0.00s CPU time), compiled 0 variants (0.00s CPU time), skipped 0 variants.
  Pass  (vp, vulkan) finished in 0.01 seconds. Local cache hits 3 (0.03s CPU time), remote cache hits 0 (0.00s CPU time), compiled 0 variants (0.00s CPU time), skipped 0 variants.
    Prepared data for serialisation in 0.00s
Serialized binary data for shader Hidden/Internal-DepthNormalsTexture in 0.00s
    gles3 (total internal programs: 30, unique: 10)
    vulkan (total internal programs: 30, unique: 10)
Compiling shader "Hidden/Internal-ScreenSpaceShadows"
  Pass "" (vp)
    Target graphics API: gles3
    Full variant space:         4
    After settings filtering:   4
    After built-in stripping:   12
    After scriptable stripping: 12
    Processed in 0.00 seconds
    Target graphics API: vulkan
    Full variant space:         4
    After settings filtering:   4
    After built-in stripping:   12
    After scriptable stripping: 12
    Processed in 0.00 seconds
  Pass "" (vp)
    Target graphics API: gles3
    Full variant space:         4
    After settings filtering:   4
    After built-in stripping:   12
    After scriptable stripping: 12
    Processed in 0.00 seconds
    Target graphics API: vulkan
    Full variant space:         4
    After settings filtering:   4
    After built-in stripping:   12
    After scriptable stripping: 12
    Processed in 0.00 seconds
  Pass "" (vp)
    Target graphics API: gles3
    Full variant space:         4
    After settings filtering:   4
    After built-in stripping:   12
    After scriptable stripping: 12
    Processed in 0.00 seconds
    Target graphics API: vulkan
    Full variant space:         4
    After settings filtering:   4
    After built-in stripping:   12
    After scriptable stripping: 12
    Processed in 0.00 seconds
  Pass "" (vp)
    Target graphics API: gles3
    Full variant space:         4
    After settings filtering:   4
    After built-in stripping:   12
    After scriptable stripping: 12
    Processed in 0.12 seconds
    Target graphics API: vulkan
    Full variant space:         4
    After settings filtering:   4
    After built-in stripping:   12
    After scriptable stripping: 12
    Processed in 0.00 seconds
  Pass  (vp, gles3) finished in 0.13 seconds. Local cache hits 12 (0.73s CPU time), remote cache hits 0 (0.00s CPU time), compiled 0 variants (0.00s CPU time), skipped 0 variants.
  Pass  (vp, vulkan) finished in 0.13 seconds. Local cache hits 12 (0.76s CPU time), remote cache hits 0 (0.00s CPU time), compiled 0 variants (0.00s CPU time), skipped 0 variants.
    Prepared data for serialisation in 0.00s
  Pass  (vp, gles3) finished in 0.09 seconds. Local cache hits 12 (0.60s CPU time), remote cache hits 0 (0.00s CPU time), compiled 0 variants (0.00s CPU time), skipped 0 variants.
  Pass  (vp, vulkan) finished in 0.09 seconds. Local cache hits 12 (0.43s CPU time), remote cache hits 0 (0.00s CPU time), compiled 0 variants (0.00s CPU time), skipped 0 variants.
    Prepared data for serialisation in 0.00s
  Pass  (vp, gles3) finished in 0.07 seconds. Local cache hits 12 (0.40s CPU time), remote cache hits 0 (0.00s CPU time), compiled 0 variants (0.00s CPU time), skipped 0 variants.
  Pass  (vp, vulkan) finished in 0.07 seconds. Local cache hits 12 (0.61s CPU time), remote cache hits 0 (0.00s CPU time), compiled 0 variants (0.00s CPU time), skipped 0 variants.
    Prepared data for serialisation in 0.00s
  Pass  (vp, gles3) finished in 0.08 seconds. Local cache hits 12 (0.42s CPU time), remote cache hits 0 (0.00s CPU time), compiled 0 variants (0.00s CPU time), skipped 0 variants.
  Pass  (vp, vulkan) finished in 0.05 seconds. Local cache hits 12 (0.27s CPU time), remote cache hits 0 (0.00s CPU time), compiled 0 variants (0.00s CPU time), skipped 0 variants.
    Prepared data for serialisation in 0.00s
Serialized binary data for shader Hidden/Internal-ScreenSpaceShadows in 0.00s
    gles3 (total internal programs: 48, unique: 16)
    vulkan (total internal programs: 48, unique: 16)
Compiling shader "Hidden/Internal-CombineDepthNormals"
  Pass "" (vp)
    Target graphics API: gles3
    Full variant space:         1
    After settings filtering:   1
    After built-in stripping:   3
    After scriptable stripping: 3
    Processed in 0.00 seconds
    Target graphics API: vulkan
    Full variant space:         1
    After settings filtering:   1
    After built-in stripping:   3
    After scriptable stripping: 3
    Processed in 0.00 seconds
  Pass  (vp, gles3) finished in 0.00 seconds. Local cache hits 3 (0.00s CPU time), remote cache hits 0 (0.00s CPU time), compiled 0 variants (0.00s CPU time), skipped 0 variants.
  Pass  (vp, vulkan) finished in 0.00 seconds. Local cache hits 3 (0.00s CPU time), remote cache hits 0 (0.00s CPU time), compiled 0 variants (0.00s CPU time), skipped 0 variants.
    Prepared data for serialisation in 0.00s
Serialized binary data for shader Hidden/Internal-CombineDepthNormals in 0.00s
    gles3 (total internal programs: 3, unique: 1)
    vulkan (total internal programs: 3, unique: 1)
Compiling shader "Hidden/BlitCopy"
  Pass "" (vp)
    Target graphics API: gles3
    Full variant space:         1
    After settings filtering:   1
    After built-in stripping:   3
    After scriptable stripping: 3
    Processed in 0.00 seconds
    Target graphics API: vulkan
    Full variant space:         1
    After settings filtering:   1
    After built-in stripping:   3
    After scriptable stripping: 3
    Processed in 0.00 seconds
  Pass  (vp, gles3) finished in 0.00 seconds. Local cache hits 3 (0.00s CPU time), remote cache hits 0 (0.00s CPU time), compiled 0 variants (0.00s CPU time), skipped 0 variants.
  Pass  (vp, vulkan) finished in 0.00 seconds. Local cache hits 3 (0.00s CPU time), remote cache hits 0 (0.00s CPU time), compiled 0 variants (0.00s CPU time), skipped 0 variants.
    Prepared data for serialisation in 0.00s
Serialized binary data for shader Hidden/BlitCopy in 0.00s
    gles3 (total internal programs: 3, unique: 1)
    vulkan (total internal programs: 3, unique: 1)
Compiling shader "Hidden/BlitCopyDepth"
  Pass "" (vp)
    Target graphics API: gles3
    Full variant space:         1
    After settings filtering:   1
    After built-in stripping:   3
    After scriptable stripping: 3
    Processed in 0.00 seconds
    Target graphics API: vulkan
    Full variant space:         1
    After settings filtering:   1
    After built-in stripping:   3
    After scriptable stripping: 3
    Processed in 0.00 seconds
  Pass  (vp, gles3) finished in 0.00 seconds. Local cache hits 3 (0.00s CPU time), remote cache hits 0 (0.00s CPU time), compiled 0 variants (0.00s CPU time), skipped 0 variants.
  Pass  (vp, vulkan) finished in 0.00 seconds. Local cache hits 3 (0.00s CPU time), remote cache hits 0 (0.00s CPU time), compiled 0 variants (0.00s CPU time), skipped 0 variants.
    Prepared data for serialisation in 0.00s
Serialized binary data for shader Hidden/BlitCopyDepth in 0.00s
    gles3 (total internal programs: 3, unique: 1)
    vulkan (total internal programs: 3, unique: 1)
Compiling shader "Hidden/ConvertTexture"
  Pass "" (vp)
    Target graphics API: gles3
    Full variant space:         1
    After settings filtering:   1
    After built-in stripping:   3
    After scriptable stripping: 3
    Processed in 0.00 seconds
    Target graphics API: vulkan
    Full variant space:         1
    After settings filtering:   1
    After built-in stripping:   3
    After scriptable stripping: 3
    Processed in 0.00 seconds
  Pass  (vp, gles3) finished in 0.00 seconds. Local cache hits 3 (0.00s CPU time), remote cache hits 0 (0.00s CPU time), compiled 0 variants (0.00s CPU time), skipped 0 variants.
  Pass  (vp, vulkan) finished in 0.00 seconds. Local cache hits 3 (0.00s CPU time), remote cache hits 0 (0.00s CPU time), compiled 0 variants (0.00s CPU time), skipped 0 variants.
    Prepared data for serialisation in 0.00s
Serialized binary data for shader Hidden/ConvertTexture in 0.00s
    gles3 (total internal programs: 3, unique: 1)
    vulkan (total internal programs: 3, unique: 1)
Compiling shader "Hidden/Internal-DeferredShading"
  Pass "" (vp)
    Target graphics API: gles3
    Full variant space:         94
    After settings filtering:   94
    After built-in stripping:   78
    After scriptable stripping: 78
    Processed in 0.01 seconds
    Target graphics API: vulkan
    Full variant space:         94
    After settings filtering:   94
    After built-in stripping:   78
    After scriptable stripping: 78
    Processed in 0.00 seconds
  Pass "" (vp)
    Target graphics API: gles3
    Full variant space:         1
    After settings filtering:   1
    After built-in stripping:   3
    After scriptable stripping: 3
    Processed in 0.00 seconds
    Target graphics API: vulkan
    Full variant space:         1
    After settings filtering:   1
    After built-in stripping:   3
    After scriptable stripping: 3
    Processed in 0.00 seconds
  Pass  (vp, gles3) finished in 0.27 seconds. Local cache hits 78 (5.18s CPU time), remote cache hits 0 (0.00s CPU time), compiled 0 variants (0.00s CPU time), skipped 0 variants.
  Pass  (vp, vulkan) finished in 0.07 seconds. Local cache hits 78 (0.99s CPU time), remote cache hits 0 (0.00s CPU time), compiled 0 variants (0.00s CPU time), skipped 0 variants.
    Prepared data for serialisation in 0.00s
  Pass  (vp, gles3) finished in 0.08 seconds. Local cache hits 3 (0.14s CPU time), remote cache hits 0 (0.00s CPU time), compiled 0 variants (0.00s CPU time), skipped 0 variants.
  Pass  (vp, vulkan) finished in 0.00 seconds. Local cache hits 3 (0.01s CPU time), remote cache hits 0 (0.00s CPU time), compiled 0 variants (0.00s CPU time), skipped 0 variants.
    Prepared data for serialisation in 0.00s
Serialized binary data for shader Hidden/Internal-DeferredShading in 0.00s
    gles3 (total internal programs: 81, unique: 53)
    vulkan (total internal programs: 81, unique: 53)
Compiling shader "Hidden/Internal-DeferredReflections"
  Pass "" (vp)
    Target graphics API: gles3
    Full variant space:         1
    After settings filtering:   1
    After built-in stripping:   3
    After scriptable stripping: 3
    Processed in 0.00 seconds
    Target graphics API: vulkan
    Full variant space:         1
    After settings filtering:   1
    After built-in stripping:   3
    After scriptable stripping: 3
    Processed in 0.00 seconds
  Pass "" (vp)
    Target graphics API: gles3
    Full variant space:         2
    After settings filtering:   2
    After built-in stripping:   6
    After scriptable stripping: 6
    Processed in 0.00 seconds
    Target graphics API: vulkan
    Full variant space:         2
    After settings filtering:   2
    After built-in stripping:   6
    After scriptable stripping: 6
    Processed in 0.00 seconds
  Pass  (vp, gles3) finished in 0.01 seconds. Local cache hits 3 (0.02s CPU time), remote cache hits 0 (0.00s CPU time), compiled 0 variants (0.00s CPU time), skipped 0 variants.
  Pass  (vp, vulkan) finished in 0.01 seconds. Local cache hits 3 (0.02s CPU time), remote cache hits 0 (0.00s CPU time), compiled 0 variants (0.00s CPU time), skipped 0 variants.
    Prepared data for serialisation in 0.00s
  Pass  (vp, gles3) finished in 0.01 seconds. Local cache hits 6 (0.05s CPU time), remote cache hits 0 (0.00s CPU time), compiled 0 variants (0.00s CPU time), skipped 0 variants.
  Pass  (vp, vulkan) finished in 0.01 seconds. Local cache hits 6 (0.04s CPU time), remote cache hits 0 (0.00s CPU time), compiled 0 variants (0.00s CPU time), skipped 0 variants.
    Prepared data for serialisation in 0.00s
Serialized binary data for shader Hidden/Internal-DeferredReflections in 0.00s
    gles3 (total internal programs: 9, unique: 4)
    vulkan (total internal programs: 9, unique: 4)
Compiling shader "Hidden/Internal-MotionVectors"
  Pass "" (vp)
    Target graphics API: gles3
    Full variant space:         1
    After settings filtering:   1
    After built-in stripping:   3
    After scriptable stripping: 3
    Processed in 0.00 seconds
    Target graphics API: vulkan
    Full variant space:         1
    After settings filtering:   1
    After built-in stripping:   3
    After scriptable stripping: 3
    Processed in 0.00 seconds
  Pass "" (vp)
    Target graphics API: gles3
    Full variant space:         1
    After settings filtering:   1
    After built-in stripping:   3
    After scriptable stripping: 3
    Processed in 0.00 seconds
    Target graphics API: vulkan
    Full variant space:         1
    After settings filtering:   1
    After built-in stripping:   3
    After scriptable stripping: 3
    Processed in 0.00 seconds
  Pass "" (vp)
    Target graphics API: gles3
    Full variant space:         1
    After settings filtering:   1
    After built-in stripping:   3
    After scriptable stripping: 3
    Processed in 0.00 seconds
    Target graphics API: vulkan
    Full variant space:         1
    After settings filtering:   1
    After built-in stripping:   3
    After scriptable stripping: 3
    Processed in 0.00 seconds
  Pass  (vp, gles3) finished in 0.00 seconds. Local cache hits 3 (0.01s CPU time), remote cache hits 0 (0.00s CPU time), compiled 0 variants (0.00s CPU time), skipped 0 variants.
  Pass  (vp, vulkan) finished in 0.00 seconds. Local cache hits 3 (0.01s CPU time), remote cache hits 0 (0.00s CPU time), compiled 0 variants (0.00s CPU time), skipped 0 variants.
    Prepared data for serialisation in 0.00s
  Pass  (vp, gles3) finished in 0.00 seconds. Local cache hits 3 (0.01s CPU time), remote cache hits 0 (0.00s CPU time), compiled 0 variants (0.00s CPU time), skipped 0 variants.
  Pass  (vp, vulkan) finished in 0.00 seconds. Local cache hits 3 (0.01s CPU time), remote cache hits 0 (0.00s CPU time), compiled 0 variants (0.00s CPU time), skipped 0 variants.
    Prepared data for serialisation in 0.00s
  Pass  (vp, gles3) finished in 0.00 seconds. Local cache hits 3 (0.01s CPU time), remote cache hits 0 (0.00s CPU time), compiled 0 variants (0.00s CPU time), skipped 0 variants.
  Pass  (vp, vulkan) finished in 0.00 seconds. Local cache hits 3 (0.01s CPU time), remote cache hits 0 (0.00s CPU time), compiled 0 variants (0.00s CPU time), skipped 0 variants.
    Prepared data for serialisation in 0.00s
Serialized binary data for shader Hidden/Internal-MotionVectors in 0.00s
    gles3 (total internal programs: 9, unique: 3)
    vulkan (total internal programs: 9, unique: 3)
Compiling shader "Hidden/Internal-Flare"
  Pass "" (vp)
    Target graphics API: gles3
    Full variant space:         1
    After settings filtering:   1
    After built-in stripping:   3
    After scriptable stripping: 3
    Processed in 0.00 seconds
    Target graphics API: vulkan
    Full variant space:         1
    After settings filtering:   1
    After built-in stripping:   3
    After scriptable stripping: 3
    Processed in 0.00 seconds
  Pass  (vp, gles3) finished in 0.00 seconds. Local cache hits 3 (0.00s CPU time), remote cache hits 0 (0.00s CPU time), compiled 0 variants (0.00s CPU time), skipped 0 variants.
  Pass  (vp, vulkan) finished in 0.00 seconds. Local cache hits 3 (0.00s CPU time), remote cache hits 0 (0.00s CPU time), compiled 0 variants (0.00s CPU time), skipped 0 variants.
    Prepared data for serialisation in 0.00s
Serialized binary data for shader Hidden/Internal-Flare in 0.00s
    gles3 (total internal programs: 3, unique: 1)
    vulkan (total internal programs: 3, unique: 1)
Compiling shader "Hidden/Internal-Halo"
  Pass "" (vp)
    Target graphics API: gles3
    Full variant space:         4
    After settings filtering:   4
    After built-in stripping:   3
    After scriptable stripping: 3
    Processed in 0.00 seconds
    Target graphics API: vulkan
    Full variant space:         4
    After settings filtering:   4
    After built-in stripping:   3
    After scriptable stripping: 3
    Processed in 0.00 seconds
  Pass  (vp, gles3) finished in 0.00 seconds. Local cache hits 3 (0.00s CPU time), remote cache hits 0 (0.00s CPU time), compiled 0 variants (0.00s CPU time), skipped 0 variants.
  Pass  (vp, vulkan) finished in 0.00 seconds. Local cache hits 3 (0.00s CPU time), remote cache hits 0 (0.00s CPU time), compiled 0 variants (0.00s CPU time), skipped 0 variants.
    Prepared data for serialisation in 0.00s
Serialized binary data for shader Hidden/Internal-Halo in 0.00s
    gles3 (total internal programs: 3, unique: 1)
    vulkan (total internal programs: 3, unique: 1)
Compiling shader "Hidden/BlitCopyWithDepth"
  Pass "" (vp)
    Target graphics API: gles3
    Full variant space:         1
    After settings filtering:   1
    After built-in stripping:   3
    After scriptable stripping: 3
    Processed in 0.00 seconds
    Target graphics API: vulkan
    Full variant space:         1
    After settings filtering:   1
    After built-in stripping:   3
    After scriptable stripping: 3
    Processed in 0.00 seconds
  Pass  (vp, gles3) finished in 0.00 seconds. Local cache hits 3 (0.00s CPU time), remote cache hits 0 (0.00s CPU time), compiled 0 variants (0.00s CPU time), skipped 0 variants.
  Pass  (vp, vulkan) finished in 0.00 seconds. Local cache hits 3 (0.00s CPU time), remote cache hits 0 (0.00s CPU time), compiled 0 variants (0.00s CPU time), skipped 0 variants.
    Prepared data for serialisation in 0.00s
Serialized binary data for shader Hidden/BlitCopyWithDepth in 0.00s
    gles3 (total internal programs: 3, unique: 1)
    vulkan (total internal programs: 3, unique: 1)
Compiling shader "Hidden/BlitToDepth"
  Pass "" (vp)
    Target graphics API: gles3
    Full variant space:         1
    After settings filtering:   1
    After built-in stripping:   3
    After scriptable stripping: 3
    Processed in 0.00 seconds
    Target graphics API: vulkan
    Full variant space:         1
    After settings filtering:   1
    After built-in stripping:   3
    After scriptable stripping: 3
    Processed in 0.00 seconds
  Pass  (vp, gles3) finished in 0.00 seconds. Local cache hits 3 (0.00s CPU time), remote cache hits 0 (0.00s CPU time), compiled 0 variants (0.00s CPU time), skipped 0 variants.
  Pass  (vp, vulkan) finished in 0.00 seconds. Local cache hits 3 (0.00s CPU time), remote cache hits 0 (0.00s CPU time), compiled 0 variants (0.00s CPU time), skipped 0 variants.
    Prepared data for serialisation in 0.00s
Serialized binary data for shader Hidden/BlitToDepth in 0.00s
    gles3 (total internal programs: 3, unique: 1)
    vulkan (total internal programs: 3, unique: 1)
Compiling shader "Hidden/BlitToDepth_MSAA"
  Pass "" (vp)
    Target graphics API: gles3
    Full variant space:         1
    After settings filtering:   1
    After built-in stripping:   3
    After scriptable stripping: 3
    Processed in 0.00 seconds
    Target graphics API: vulkan
    Full variant space:         1
    After settings filtering:   1
    After built-in stripping:   3
    After scriptable stripping: 3
    Processed in 0.00 seconds
  Pass  (vp, gles3) finished in 0.00 seconds. Local cache hits 3 (0.00s CPU time), remote cache hits 0 (0.00s CPU time), compiled 0 variants (0.00s CPU time), skipped 0 variants.
  Pass  (vp, vulkan) finished in 0.00 seconds. Local cache hits 3 (0.00s CPU time), remote cache hits 0 (0.00s CPU time), compiled 0 variants (0.00s CPU time), skipped 0 variants.
    Prepared data for serialisation in 0.00s
Serialized binary data for shader Hidden/BlitToDepth_MSAA in 0.00s
    gles3 (total internal programs: 3, unique: 1)
    vulkan (total internal programs: 3, unique: 1)
Compiling shader "Hidden/BlitCopyHDRTonemap"
  Pass "" (vp)
    Target graphics API: gles3
    Full variant space:         1
    After settings filtering:   1
    After built-in stripping:   3
    After scriptable stripping: 3
    Processed in 0.00 seconds
    Target graphics API: vulkan
    Full variant space:         1
    After settings filtering:   1
    After built-in stripping:   3
    After scriptable stripping: 3
    Processed in 0.00 seconds
  Pass  (vp, gles3) finished in 0.00 seconds. Local cache hits 3 (0.00s CPU time), remote cache hits 0 (0.00s CPU time), compiled 0 variants (0.00s CPU time), skipped 0 variants.
  Pass  (vp, vulkan) finished in 0.00 seconds. Local cache hits 3 (0.00s CPU time), remote cache hits 0 (0.00s CPU time), compiled 0 variants (0.00s CPU time), skipped 0 variants.
    Prepared data for serialisation in 0.00s
Serialized binary data for shader Hidden/BlitCopyHDRTonemap in 0.00s
    gles3 (total internal programs: 3, unique: 1)
    vulkan (total internal programs: 3, unique: 1)
Compiling shader "Hidden/Internal-DebugPattern"
  Pass "Target Color and DepthStencil" (vp)
    Target graphics API: gles3
    Full variant space:         1
    After settings filtering:   1
    After built-in stripping:   3
    After scriptable stripping: 3
    Processed in 0.00 seconds
    Target graphics API: vulkan
    Full variant space:         1
    After settings filtering:   1
    After built-in stripping:   3
    After scriptable stripping: 3
    Processed in 0.00 seconds
  Pass "Target only Color" (vp)
    Target graphics API: gles3
    Full variant space:         1
    After settings filtering:   1
    After built-in stripping:   3
    After scriptable stripping: 3
    Processed in 0.00 seconds
    Target graphics API: vulkan
    Full variant space:         1
    After settings filtering:   1
    After built-in stripping:   3
    After scriptable stripping: 3
    Processed in 0.00 seconds
  Pass "Target only DepthStencil" (vp)
    Target graphics API: gles3
    Full variant space:         1
    After settings filtering:   1
    After built-in stripping:   3
    After scriptable stripping: 3
    Processed in 0.00 seconds
    Target graphics API: vulkan
    Full variant space:         1
    After settings filtering:   1
    After built-in stripping:   3
    After scriptable stripping: 3
    Processed in 0.00 seconds
  Pass Target Color and DepthStencil (vp, gles3) finished in 0.03 seconds. Local cache hits 3 (0.08s CPU time), remote cache hits 0 (0.00s CPU time), compiled 0 variants (0.00s CPU time), skipped 0 variants.
  Pass Target Color and DepthStencil (vp, vulkan) finished in 0.03 seconds. Local cache hits 3 (0.09s CPU time), remote cache hits 0 (0.00s CPU time), compiled 0 variants (0.00s CPU time), skipped 0 variants.
    Prepared data for serialisation in 0.00s
  Pass Target only Color (vp, gles3) finished in 0.03 seconds. Local cache hits 3 (0.08s CPU time), remote cache hits 0 (0.00s CPU time), compiled 0 variants (0.00s CPU time), skipped 0 variants.
  Pass Target only Color (vp, vulkan) finished in 0.03 seconds. Local cache hits 3 (0.08s CPU time), remote cache hits 0 (0.00s CPU time), compiled 0 variants (0.00s CPU time), skipped 0 variants.
    Prepared data for serialisation in 0.00s
  Pass Target only DepthStencil (vp, gles3) finished in 0.03 seconds. Local cache hits 3 (0.08s CPU time), remote cache hits 0 (0.00s CPU time), compiled 0 variants (0.00s CPU time), skipped 0 variants.
  Pass Target only DepthStencil (vp, vulkan) finished in 0.03 seconds. Local cache hits 3 (0.08s CPU time), remote cache hits 0 (0.00s CPU time), compiled 0 variants (0.00s CPU time), skipped 0 variants.
    Prepared data for serialisation in 0.00s
Serialized binary data for shader Hidden/Internal-DebugPattern in 0.00s
    gles3 (total internal programs: 9, unique: 3)
    vulkan (total internal programs: 9, unique: 3)
Compiling shader "Hidden/Internal-GUITextureClip"
  Pass "" (vp)
    Target graphics API: gles3
    Full variant space:         1
    After settings filtering:   1
    After built-in stripping:   3
    After scriptable stripping: 3
    Processed in 0.00 seconds
    Target graphics API: vulkan
    Full variant space:         1
    After settings filtering:   1
    After built-in stripping:   3
    After scriptable stripping: 3
    Processed in 0.00 seconds
  Pass "" (vp)
    Target graphics API: gles3
    Full variant space:         1
    After settings filtering:   1
    After built-in stripping:   3
    After scriptable stripping: 3
    Processed in 0.00 seconds
    Target graphics API: vulkan
    Full variant space:         1
    After settings filtering:   1
    After built-in stripping:   3
    After scriptable stripping: 3
    Processed in 0.00 seconds
  Pass  (vp, gles3) finished in 0.01 seconds. Local cache hits 3 (0.02s CPU time), remote cache hits 0 (0.00s CPU time), compiled 0 variants (0.00s CPU time), skipped 0 variants.
  Pass  (vp, vulkan) finished in 0.01 seconds. Local cache hits 3 (0.03s CPU time), remote cache hits 0 (0.00s CPU time), compiled 0 variants (0.00s CPU time), skipped 0 variants.
    Prepared data for serialisation in 0.00s
  Pass  (vp, gles3) finished in 0.01 seconds. Local cache hits 3 (0.03s CPU time), remote cache hits 0 (0.00s CPU time), compiled 0 variants (0.00s CPU time), skipped 0 variants.
  Pass  (vp, vulkan) finished in 0.01 seconds. Local cache hits 3 (0.03s CPU time), remote cache hits 0 (0.00s CPU time), compiled 0 variants (0.00s CPU time), skipped 0 variants.
    Prepared data for serialisation in 0.00s
Serialized binary data for shader Hidden/Internal-GUITextureClip in 0.00s
    gles3 (total internal programs: 6, unique: 1)
    vulkan (total internal programs: 6, unique: 1)
Compiling shader "Hidden/Internal-GUITextureClipText"
  Pass "" (vp)
    Target graphics API: gles3
    Full variant space:         1
    After settings filtering:   1
    After built-in stripping:   3
    After scriptable stripping: 3
    Processed in 0.00 seconds
    Target graphics API: vulkan
    Full variant space:         1
    After settings filtering:   1
    After built-in stripping:   3
    After scriptable stripping: 3
    Processed in 0.00 seconds
  Pass "" (vp)
    Target graphics API: gles3
    Full variant space:         1
    After settings filtering:   1
    After built-in stripping:   3
    After scriptable stripping: 3
    Processed in 0.00 seconds
    Target graphics API: vulkan
    Full variant space:         1
    After settings filtering:   1
    After built-in stripping:   3
    After scriptable stripping: 3
    Processed in 0.00 seconds
  Pass  (vp, gles3) finished in 0.00 seconds. Local cache hits 3 (0.01s CPU time), remote cache hits 0 (0.00s CPU time), compiled 0 variants (0.00s CPU time), skipped 0 variants.
  Pass  (vp, vulkan) finished in 0.00 seconds. Local cache hits 3 (0.01s CPU time), remote cache hits 0 (0.00s CPU time), compiled 0 variants (0.00s CPU time), skipped 0 variants.
    Prepared data for serialisation in 0.00s
  Pass  (vp, gles3) finished in 0.00 seconds. Local cache hits 3 (0.01s CPU time), remote cache hits 0 (0.00s CPU time), compiled 0 variants (0.00s CPU time), skipped 0 variants.
  Pass  (vp, vulkan) finished in 0.00 seconds. Local cache hits 3 (0.01s CPU time), remote cache hits 0 (0.00s CPU time), compiled 0 variants (0.00s CPU time), skipped 0 variants.
    Prepared data for serialisation in 0.00s
Serialized binary data for shader Hidden/Internal-GUITextureClipText in 0.00s
    gles3 (total internal programs: 6, unique: 1)
    vulkan (total internal programs: 6, unique: 1)
Compiling shader "Hidden/Internal-GUITexture"
  Pass "" (vp)
    Target graphics API: gles3
    Full variant space:         1
    After settings filtering:   1
    After built-in stripping:   3
    After scriptable stripping: 3
    Processed in 0.00 seconds
    Target graphics API: vulkan
    Full variant space:         1
    After settings filtering:   1
    After built-in stripping:   3
    After scriptable stripping: 3
    Processed in 0.00 seconds
  Pass "" (vp)
    Target graphics API: gles3
    Full variant space:         1
    After settings filtering:   1
    After built-in stripping:   3
    After scriptable stripping: 3
    Processed in 0.00 seconds
    Target graphics API: vulkan
    Full variant space:         1
    After settings filtering:   1
    After built-in stripping:   3
    After scriptable stripping: 3
    Processed in 0.00 seconds
  Pass  (vp, gles3) finished in 0.00 seconds. Local cache hits 3 (0.00s CPU time), remote cache hits 0 (0.00s CPU time), compiled 0 variants (0.00s CPU time), skipped 0 variants.
  Pass  (vp, vulkan) finished in 0.00 seconds. Local cache hits 3 (0.01s CPU time), remote cache hits 0 (0.00s CPU time), compiled 0 variants (0.00s CPU time), skipped 0 variants.
    Prepared data for serialisation in 0.00s
  Pass  (vp, gles3) finished in 0.00 seconds. Local cache hits 3 (0.01s CPU time), remote cache hits 0 (0.00s CPU time), compiled 0 variants (0.00s CPU time), skipped 0 variants.
  Pass  (vp, vulkan) finished in 0.00 seconds. Local cache hits 3 (0.01s CPU time), remote cache hits 0 (0.00s CPU time), compiled 0 variants (0.00s CPU time), skipped 0 variants.
    Prepared data for serialisation in 0.00s
Serialized binary data for shader Hidden/Internal-GUITexture in 0.00s
    gles3 (total internal programs: 6, unique: 1)
    vulkan (total internal programs: 6, unique: 1)
Compiling shader "Hidden/Internal-GUITextureBlit"
  Pass "" (vp)
    Target graphics API: gles3
    Full variant space:         1
    After settings filtering:   1
    After built-in stripping:   3
    After scriptable stripping: 3
    Processed in 0.00 seconds
    Target graphics API: vulkan
    Full variant space:         1
    After settings filtering:   1
    After built-in stripping:   3
    After scriptable stripping: 3
    Processed in 0.00 seconds
  Pass "" (vp)
    Target graphics API: gles3
    Full variant space:         1
    After settings filtering:   1
    After built-in stripping:   3
    After scriptable stripping: 3
    Processed in 0.00 seconds
    Target graphics API: vulkan
    Full variant space:         1
    After settings filtering:   1
    After built-in stripping:   3
    After scriptable stripping: 3
    Processed in 0.00 seconds
  Pass  (vp, gles3) finished in 0.01 seconds. Local cache hits 3 (0.04s CPU time), remote cache hits 0 (0.00s CPU time), compiled 0 variants (0.00s CPU time), skipped 0 variants.
  Pass  (vp, vulkan) finished in 0.01 seconds. Local cache hits 3 (0.04s CPU time), remote cache hits 0 (0.00s CPU time), compiled 0 variants (0.00s CPU time), skipped 0 variants.
    Prepared data for serialisation in 0.00s
  Pass  (vp, gles3) finished in 0.01 seconds. Local cache hits 3 (0.04s CPU time), remote cache hits 0 (0.00s CPU time), compiled 0 variants (0.00s CPU time), skipped 0 variants.
  Pass  (vp, vulkan) finished in 0.02 seconds. Local cache hits 3 (0.04s CPU time), remote cache hits 0 (0.00s CPU time), compiled 0 variants (0.00s CPU time), skipped 0 variants.
    Prepared data for serialisation in 0.00s
Serialized binary data for shader Hidden/Internal-GUITextureBlit in 0.00s
    gles3 (total internal programs: 6, unique: 1)
    vulkan (total internal programs: 6, unique: 1)
Compiling shader "Hidden/Internal-GUIRoundedRect"
  Pass "" (vp)
    Target graphics API: gles3
    Full variant space:         1
    After settings filtering:   1
    After built-in stripping:   3
    After scriptable stripping: 3
    Processed in 0.00 seconds
    Target graphics API: vulkan
    Full variant space:         1
    After settings filtering:   1
    After built-in stripping:   3
    After scriptable stripping: 3
    Processed in 0.00 seconds
  Pass "" (vp)
    Target graphics API: gles3
    Full variant space:         1
    After settings filtering:   1
    After built-in stripping:   3
    After scriptable stripping: 3
    Processed in 0.00 seconds
    Target graphics API: vulkan
    Full variant space:         1
    After settings filtering:   1
    After built-in stripping:   3
    After scriptable stripping: 3
    Processed in 0.00 seconds
  Pass  (vp, gles3) finished in 0.00 seconds. Local cache hits 3 (0.00s CPU time), remote cache hits 0 (0.00s CPU time), compiled 0 variants (0.00s CPU time), skipped 0 variants.
  Pass  (vp, vulkan) finished in 0.00 seconds. Local cache hits 3 (0.01s CPU time), remote cache hits 0 (0.00s CPU time), compiled 0 variants (0.00s CPU time), skipped 0 variants.
    Prepared data for serialisation in 0.00s
  Pass  (vp, gles3) finished in 0.00 seconds. Local cache hits 3 (0.01s CPU time), remote cache hits 0 (0.00s CPU time), compiled 0 variants (0.00s CPU time), skipped 0 variants.
  Pass  (vp, vulkan) finished in 0.00 seconds. Local cache hits 3 (0.01s CPU time), remote cache hits 0 (0.00s CPU time), compiled 0 variants (0.00s CPU time), skipped 0 variants.
    Prepared data for serialisation in 0.00s
Serialized binary data for shader Hidden/Internal-GUIRoundedRect in 0.00s
    gles3 (total internal programs: 6, unique: 1)
    vulkan (total internal programs: 6, unique: 1)
Compiling shader "Hidden/Internal-GUIRoundedRectWithColorPerBorder"
  Pass "" (vp)
    Target graphics API: gles3
    Full variant space:         1
    After settings filtering:   1
    After built-in stripping:   3
    After scriptable stripping: 3
    Processed in 0.00 seconds
    Target graphics API: vulkan
    Full variant space:         1
    After settings filtering:   1
    After built-in stripping:   3
    After scriptable stripping: 3
    Processed in 0.00 seconds
  Pass "" (vp)
    Target graphics API: gles3
    Full variant space:         1
    After settings filtering:   1
    After built-in stripping:   3
    After scriptable stripping: 3
    Processed in 0.00 seconds
    Target graphics API: vulkan
    Full variant space:         1
    After settings filtering:   1
    After built-in stripping:   3
    After scriptable stripping: 3
    Processed in 0.00 seconds
  Pass  (vp, gles3) finished in 0.00 seconds. Local cache hits 3 (0.00s CPU time), remote cache hits 0 (0.00s CPU time), compiled 0 variants (0.00s CPU time), skipped 0 variants.
  Pass  (vp, vulkan) finished in 0.00 seconds. Local cache hits 3 (0.01s CPU time), remote cache hits 0 (0.00s CPU time), compiled 0 variants (0.00s CPU time), skipped 0 variants.
    Prepared data for serialisation in 0.00s
  Pass  (vp, gles3) finished in 0.00 seconds. Local cache hits 3 (0.01s CPU time), remote cache hits 0 (0.00s CPU time), compiled 0 variants (0.00s CPU time), skipped 0 variants.
  Pass  (vp, vulkan) finished in 0.00 seconds. Local cache hits 3 (0.01s CPU time), remote cache hits 0 (0.00s CPU time), compiled 0 variants (0.00s CPU time), skipped 0 variants.
    Prepared data for serialisation in 0.00s
Serialized binary data for shader Hidden/Internal-GUIRoundedRectWithColorPerBorder in 0.00s
    gles3 (total internal programs: 6, unique: 1)
    vulkan (total internal programs: 6, unique: 1)
Compiling shader "Hidden/Internal-UIRDefault"
  Pass "" (vp)
    Target graphics API: gles3
    Full variant space:         40
    After settings filtering:   40
    After built-in stripping:   120
    After scriptable stripping: 120
    Processed in 0.00 seconds
    Target graphics API: vulkan
    Full variant space:         40
    After settings filtering:   40
    After built-in stripping:   120
    After scriptable stripping: 120
    Processed in 0.03 seconds
  Pass  (vp, gles3) finished in 0.10 seconds. Local cache hits 120 (1.59s CPU time), remote cache hits 0 (0.00s CPU time), compiled 0 variants (0.00s CPU time), skipped 0 variants.
  Pass  (vp, vulkan) finished in 0.23 seconds. Local cache hits 120 (4.06s CPU time), remote cache hits 0 (0.00s CPU time), compiled 0 variants (0.00s CPU time), skipped 0 variants.
    Prepared data for serialisation in 0.00s
Serialized binary data for shader Hidden/Internal-UIRDefault in 0.00s
    gles3 (total internal programs: 120, unique: 40)
    vulkan (total internal programs: 120, unique: 40)
Compiling shader "Hidden/Internal-UIRAtlasBlitCopy"
  Pass "" (vp)
    Target graphics API: gles3
    Full variant space:         1
    After settings filtering:   1
    After built-in stripping:   3
    After scriptable stripping: 3
    Processed in 0.00 seconds
    Target graphics API: vulkan
    Full variant space:         1
    After settings filtering:   1
    After built-in stripping:   3
    After scriptable stripping: 3
    Processed in 0.00 seconds
  Pass  (vp, gles3) finished in 0.00 seconds. Local cache hits 3 (0.00s CPU time), remote cache hits 0 (0.00s CPU time), compiled 0 variants (0.00s CPU time), skipped 0 variants.
  Pass  (vp, vulkan) finished in 0.00 seconds. Local cache hits 3 (0.00s CPU time), remote cache hits 0 (0.00s CPU time), compiled 0 variants (0.00s CPU time), skipped 0 variants.
    Prepared data for serialisation in 0.00s
Serialized binary data for shader Hidden/Internal-UIRAtlasBlitCopy in 0.00s
    gles3 (total internal programs: 3, unique: 1)
    vulkan (total internal programs: 3, unique: 1)
Compiling shader "Sprites/Default"
  Pass "" (vp)
    Target graphics API: gles3
    Full variant space:         8
    After settings filtering:   8
    After built-in stripping:   12
    After scriptable stripping: 12
    Processed in 0.00 seconds
    Target graphics API: vulkan
    Full variant space:         8
    After settings filtering:   8
    After built-in stripping:   12
    After scriptable stripping: 12
    Processed in 0.00 seconds
  Pass  (vp, gles3) finished in 0.01 seconds. Local cache hits 12 (0.08s CPU time), remote cache hits 0 (0.00s CPU time), compiled 0 variants (0.00s CPU time), skipped 0 variants.
  Pass  (vp, vulkan) finished in 0.01 seconds. Local cache hits 12 (0.14s CPU time), remote cache hits 0 (0.00s CPU time), compiled 0 variants (0.00s CPU time), skipped 0 variants.
    Prepared data for serialisation in 0.00s
Serialized binary data for shader Sprites/Default in 0.00s
    gles3 (total internal programs: 12, unique: 4)
    vulkan (total internal programs: 12, unique: 4)
Compiling shader "Sprites/Mask"
  Pass "" (vp)
    Target graphics API: gles3
    Full variant space:         4
    After settings filtering:   4
    After built-in stripping:   12
    After scriptable stripping: 12
    Processed in 0.00 seconds
    Target graphics API: vulkan
    Full variant space:         4
    After settings filtering:   4
    After built-in stripping:   12
    After scriptable stripping: 12
    Processed in 0.00 seconds
  Pass  (vp, gles3) finished in 0.00 seconds. Local cache hits 12 (0.04s CPU time), remote cache hits 0 (0.00s CPU time), compiled 0 variants (0.00s CPU time), skipped 0 variants.
  Pass  (vp, vulkan) finished in 0.01 seconds. Local cache hits 12 (0.04s CPU time), remote cache hits 0 (0.00s CPU time), compiled 0 variants (0.00s CPU time), skipped 0 variants.
    Prepared data for serialisation in 0.00s
Serialized binary data for shader Sprites/Mask in 0.00s
    gles3 (total internal programs: 12, unique: 4)
    vulkan (total internal programs: 12, unique: 4)
Compiling shader "UI/Default"
  Pass "Default" (vp)
    Target graphics API: gles3
    Full variant space:         4
    After settings filtering:   4
    After built-in stripping:   12
    After scriptable stripping: 12
    Processed in 0.00 seconds
    Target graphics API: vulkan
    Full variant space:         4
    After settings filtering:   4
    After built-in stripping:   12
    After scriptable stripping: 12
    Processed in 0.00 seconds
  Pass "XRMotionVectors" (vp)
    Target graphics API: gles3
    Full variant space:         4
    After settings filtering:   4
    After built-in stripping:   12
    After scriptable stripping: 0
    Processed in 0.00 seconds
    Target graphics API: vulkan
    Full variant space:         4
    After settings filtering:   4
    After built-in stripping:   12
    After scriptable stripping: 0
    Processed in 0.00 seconds
  Pass Default (vp, gles3) finished in 0.00 seconds. Local cache hits 12 (0.04s CPU time), remote cache hits 0 (0.00s CPU time), compiled 0 variants (0.00s CPU time), skipped 0 variants.
  Pass Default (vp, vulkan) finished in 0.01 seconds. Local cache hits 12 (0.05s CPU time), remote cache hits 0 (0.00s CPU time), compiled 0 variants (0.00s CPU time), skipped 0 variants.
    Prepared data for serialisation in 0.00s
Serialized binary data for shader UI/Default in 0.00s
    gles3 (total internal programs: 12, unique: 4)
    vulkan (total internal programs: 12, unique: 4)
Compiling shader "UI/DefaultETC1"
  Pass "Default" (vp)
    Target graphics API: gles3
    Full variant space:         4
    After settings filtering:   4
    After built-in stripping:   12
    After scriptable stripping: 12
    Processed in 0.00 seconds
    Target graphics API: vulkan
    Full variant space:         4
    After settings filtering:   4
    After built-in stripping:   12
    After scriptable stripping: 12
    Processed in 0.00 seconds
  Pass "XRMotionVectors" (vp)
    Target graphics API: gles3
    Full variant space:         4
    After settings filtering:   4
    After built-in stripping:   12
    After scriptable stripping: 0
    Processed in 0.00 seconds
    Target graphics API: vulkan
    Full variant space:         4
    After settings filtering:   4
    After built-in stripping:   12
    After scriptable stripping: 0
    Processed in 0.00 seconds
  Pass Default (vp, gles3) finished in 0.00 seconds. Local cache hits 12 (0.04s CPU time), remote cache hits 0 (0.00s CPU time), compiled 0 variants (0.00s CPU time), skipped 0 variants.
  Pass Default (vp, vulkan) finished in 0.01 seconds. Local cache hits 12 (0.05s CPU time), remote cache hits 0 (0.00s CPU time), compiled 0 variants (0.00s CPU time), skipped 0 variants.
    Prepared data for serialisation in 0.00s
Serialized binary data for shader UI/DefaultETC1 in 0.00s
    gles3 (total internal programs: 12, unique: 4)
    vulkan (total internal programs: 12, unique: 4)
Compiling shader "Hidden/CubeBlur"
  Pass "" (vp)
    Target graphics API: gles3
    Full variant space:         1
    After settings filtering:   1
    After built-in stripping:   3
    After scriptable stripping: 3
    Processed in 0.00 seconds
    Target graphics API: vulkan
    Full variant space:         1
    After settings filtering:   1
    After built-in stripping:   3
    After scriptable stripping: 3
    Processed in 0.00 seconds
  Pass "" (vp)
    Target graphics API: gles3
    Full variant space:         1
    After settings filtering:   1
    After built-in stripping:   3
    After scriptable stripping: 3
    Processed in 0.00 seconds
    Target graphics API: vulkan
    Full variant space:         1
    After settings filtering:   1
    After built-in stripping:   3
    After scriptable stripping: 3
    Processed in 0.00 seconds
  Pass  (vp, gles3) finished in 0.00 seconds. Local cache hits 3 (0.00s CPU time), remote cache hits 0 (0.00s CPU time), compiled 0 variants (0.00s CPU time), skipped 0 variants.
  Pass  (vp, vulkan) finished in 0.00 seconds. Local cache hits 3 (0.00s CPU time), remote cache hits 0 (0.00s CPU time), compiled 0 variants (0.00s CPU time), skipped 0 variants.
    Prepared data for serialisation in 0.00s
  Pass  (vp, gles3) finished in 0.00 seconds. Local cache hits 3 (0.01s CPU time), remote cache hits 0 (0.00s CPU time), compiled 0 variants (0.00s CPU time), skipped 0 variants.
  Pass  (vp, vulkan) finished in 0.00 seconds. Local cache hits 3 (0.01s CPU time), remote cache hits 0 (0.00s CPU time), compiled 0 variants (0.00s CPU time), skipped 0 variants.
    Prepared data for serialisation in 0.00s
Serialized binary data for shader Hidden/CubeBlur in 0.00s
    gles3 (total internal programs: 6, unique: 2)
    vulkan (total internal programs: 6, unique: 2)
Compiling shader "Hidden/CubeCopy"
  Pass "" (vp)
    Target graphics API: gles3
    Full variant space:         1
    After settings filtering:   1
    After built-in stripping:   3
    After scriptable stripping: 3
    Processed in 0.00 seconds
    Target graphics API: vulkan
    Full variant space:         1
    After settings filtering:   1
    After built-in stripping:   3
    After scriptable stripping: 3
    Processed in 0.00 seconds
  Pass "" (vp)
    Target graphics API: gles3
    Full variant space:         1
    After settings filtering:   1
    After built-in stripping:   3
    After scriptable stripping: 3
    Processed in 0.00 seconds
    Target graphics API: vulkan
    Full variant space:         1
    After settings filtering:   1
    After built-in stripping:   3
    After scriptable stripping: 3
    Processed in 0.00 seconds
  Pass  (vp, gles3) finished in 0.00 seconds. Local cache hits 3 (0.00s CPU time), remote cache hits 0 (0.00s CPU time), compiled 0 variants (0.00s CPU time), skipped 0 variants.
  Pass  (vp, vulkan) finished in 0.00 seconds. Local cache hits 3 (0.01s CPU time), remote cache hits 0 (0.00s CPU time), compiled 0 variants (0.00s CPU time), skipped 0 variants.
    Prepared data for serialisation in 0.00s
  Pass  (vp, gles3) finished in 0.00 seconds. Local cache hits 3 (0.00s CPU time), remote cache hits 0 (0.00s CPU time), compiled 0 variants (0.00s CPU time), skipped 0 variants.
  Pass  (vp, vulkan) finished in 0.00 seconds. Local cache hits 3 (0.01s CPU time), remote cache hits 0 (0.00s CPU time), compiled 0 variants (0.00s CPU time), skipped 0 variants.
    Prepared data for serialisation in 0.00s
Serialized binary data for shader Hidden/CubeCopy in 0.00s
    gles3 (total internal programs: 6, unique: 1)
    vulkan (total internal programs: 6, unique: 1)
Compiling shader "Hidden/CubeBlend"
  Pass "" (vp)
    Target graphics API: gles3
    Full variant space:         1
    After settings filtering:   1
    After built-in stripping:   3
    After scriptable stripping: 3
    Processed in 0.00 seconds
    Target graphics API: vulkan
    Full variant space:         1
    After settings filtering:   1
    After built-in stripping:   3
    After scriptable stripping: 3
    Processed in 0.00 seconds
  Pass "" (vp)
    Target graphics API: gles3
    Full variant space:         1
    After settings filtering:   1
    After built-in stripping:   3
    After scriptable stripping: 3
    Processed in 0.00 seconds
    Target graphics API: vulkan
    Full variant space:         1
    After settings filtering:   1
    After built-in stripping:   3
    After scriptable stripping: 3
    Processed in 0.00 seconds
  Pass  (vp, gles3) finished in 0.00 seconds. Local cache hits 3 (0.00s CPU time), remote cache hits 0 (0.00s CPU time), compiled 0 variants (0.00s CPU time), skipped 0 variants.
  Pass  (vp, vulkan) finished in 0.01 seconds. Local cache hits 3 (0.03s CPU time), remote cache hits 0 (0.00s CPU time), compiled 0 variants (0.00s CPU time), skipped 0 variants.
    Prepared data for serialisation in 0.00s
  Pass  (vp, gles3) finished in 0.01 seconds. Local cache hits 3 (0.02s CPU time), remote cache hits 0 (0.00s CPU time), compiled 0 variants (0.00s CPU time), skipped 0 variants.
  Pass  (vp, vulkan) finished in 0.01 seconds. Local cache hits 3 (0.02s CPU time), remote cache hits 0 (0.00s CPU time), compiled 0 variants (0.00s CPU time), skipped 0 variants.
    Prepared data for serialisation in 0.00s
Serialized binary data for shader Hidden/CubeBlend in 0.00s
    gles3 (total internal programs: 6, unique: 1)
    vulkan (total internal programs: 6, unique: 1)
Compiling shader "Hidden/VR/BlitTexArraySlice"
  Pass "" (vp)
    Target graphics API: gles3
    Full variant space:         1
    After settings filtering:   1
    After built-in stripping:   3
    After scriptable stripping: 3
    Processed in 0.00 seconds
    Target graphics API: vulkan
    Full variant space:         1
    After settings filtering:   1
    After built-in stripping:   3
    After scriptable stripping: 3
    Processed in 0.00 seconds
  Pass  (vp, gles3) finished in 0.00 seconds. Local cache hits 3 (0.00s CPU time), remote cache hits 0 (0.00s CPU time), compiled 0 variants (0.00s CPU time), skipped 0 variants.
  Pass  (vp, vulkan) finished in 0.00 seconds. Local cache hits 3 (0.00s CPU time), remote cache hits 0 (0.00s CPU time), compiled 0 variants (0.00s CPU time), skipped 0 variants.
    Prepared data for serialisation in 0.00s
Serialized binary data for shader Hidden/VR/BlitTexArraySlice in 0.00s
    gles3 (total internal programs: 3, unique: 1)
    vulkan (total internal programs: 3, unique: 1)
Compiling shader "Hidden/Internal-ODSWorldTexture"
  Pass "" (vp)
    Target graphics API: gles3
    Full variant space:         1
    After settings filtering:   1
    After built-in stripping:   3
    After scriptable stripping: 3
    Processed in 0.00 seconds
    Target graphics API: vulkan
    Full variant space:         1
    After settings filtering:   1
    After built-in stripping:   3
    After scriptable stripping: 3
    Processed in 0.00 seconds
  Pass "" (vp)
    Target graphics API: gles3
    Full variant space:         1
    After settings filtering:   1
    After built-in stripping:   3
    After scriptable stripping: 3
    Processed in 0.00 seconds
    Target graphics API: vulkan
    Full variant space:         1
    After settings filtering:   1
    After built-in stripping:   3
    After scriptable stripping: 3
    Processed in 0.00 seconds
  Pass "" (vp)
    Target graphics API: gles3
    Full variant space:         1
    After settings filtering:   1
    After built-in stripping:   3
    After scriptable stripping: 3
    Processed in 0.00 seconds
    Target graphics API: vulkan
    Full variant space:         1
    After settings filtering:   1
    After built-in stripping:   3
    After scriptable stripping: 3
    Processed in 0.00 seconds
  Pass "" (vp)
    Target graphics API: gles3
    Full variant space:         1
    After settings filtering:   1
    After built-in stripping:   3
    After scriptable stripping: 3
    Processed in 0.00 seconds
    Target graphics API: vulkan
    Full variant space:         1
    After settings filtering:   1
    After built-in stripping:   3
    After scriptable stripping: 3
    Processed in 0.00 seconds
  Pass "" (vp)
    Target graphics API: gles3
    Full variant space:         1
    After settings filtering:   1
    After built-in stripping:   3
    After scriptable stripping: 3
    Processed in 0.00 seconds
    Target graphics API: vulkan
    Full variant space:         1
    After settings filtering:   1
    After built-in stripping:   3
    After scriptable stripping: 3
    Processed in 0.00 seconds
  Pass "" (vp)
    Target graphics API: gles3
    Full variant space:         1
    After settings filtering:   1
    After built-in stripping:   3
    After scriptable stripping: 3
    Processed in 0.00 seconds
    Target graphics API: vulkan
    Full variant space:         1
    After settings filtering:   1
    After built-in stripping:   3
    After scriptable stripping: 3
    Processed in 0.00 seconds
  Pass "" (vp)
    Target graphics API: gles3
    Full variant space:         1
    After settings filtering:   1
    After built-in stripping:   3
    After scriptable stripping: 3
    Processed in 0.00 seconds
    Target graphics API: vulkan
    Full variant space:         1
    After settings filtering:   1
    After built-in stripping:   3
    After scriptable stripping: 3
    Processed in 0.00 seconds
  Pass "" (vp)
    Target graphics API: gles3
    Full variant space:         1
    After settings filtering:   1
    After built-in stripping:   3
    After scriptable stripping: 3
    Processed in 0.00 seconds
    Target graphics API: vulkan
    Full variant space:         1
    After settings filtering:   1
    After built-in stripping:   3
    After scriptable stripping: 3
    Processed in 0.00 seconds
  Pass "" (vp)
    Target graphics API: gles3
    Full variant space:         1
    After settings filtering:   1
    After built-in stripping:   3
    After scriptable stripping: 3
    Processed in 0.00 seconds
    Target graphics API: vulkan
    Full variant space:         1
    After settings filtering:   1
    After built-in stripping:   3
    After scriptable stripping: 3
    Processed in 0.00 seconds
  Pass "" (vp)
    Target graphics API: gles3
    Full variant space:         1
    After settings filtering:   1
    After built-in stripping:   3
    After scriptable stripping: 3
    Processed in 0.00 seconds
    Target graphics API: vulkan
    Full variant space:         1
    After settings filtering:   1
    After built-in stripping:   3
    After scriptable stripping: 3
    Processed in 0.00 seconds
  Pass  (vp, gles3) finished in 0.01 seconds. Local cache hits 3 (0.03s CPU time), remote cache hits 0 (0.00s CPU time), compiled 0 variants (0.00s CPU time), skipped 0 variants.
  Pass  (vp, vulkan) finished in 0.01 seconds. Local cache hits 3 (0.03s CPU time), remote cache hits 0 (0.00s CPU time), compiled 0 variants (0.00s CPU time), skipped 0 variants.
    Prepared data for serialisation in 0.00s
  Pass  (vp, gles3) finished in 0.01 seconds. Local cache hits 3 (0.03s CPU time), remote cache hits 0 (0.00s CPU time), compiled 0 variants (0.00s CPU time), skipped 0 variants.
  Pass  (vp, vulkan) finished in 0.01 seconds. Local cache hits 3 (0.03s CPU time), remote cache hits 0 (0.00s CPU time), compiled 0 variants (0.00s CPU time), skipped 0 variants.
    Prepared data for serialisation in 0.00s
  Pass  (vp, gles3) finished in 0.01 seconds. Local cache hits 3 (0.04s CPU time), remote cache hits 0 (0.00s CPU time), compiled 0 variants (0.00s CPU time), skipped 0 variants.
  Pass  (vp, vulkan) finished in 0.01 seconds. Local cache hits 3 (0.04s CPU time), remote cache hits 0 (0.00s CPU time), compiled 0 variants (0.00s CPU time), skipped 0 variants.
    Prepared data for serialisation in 0.00s
  Pass  (vp, gles3) finished in 0.01 seconds. Local cache hits 3 (0.02s CPU time), remote cache hits 0 (0.00s CPU time), compiled 0 variants (0.00s CPU time), skipped 0 variants.
  Pass  (vp, vulkan) finished in 0.01 seconds. Local cache hits 3 (0.01s CPU time), remote cache hits 0 (0.00s CPU time), compiled 0 variants (0.00s CPU time), skipped 0 variants.
    Prepared data for serialisation in 0.00s
  Pass  (vp, gles3) finished in 0.01 seconds. Local cache hits 3 (0.02s CPU time), remote cache hits 0 (0.00s CPU time), compiled 0 variants (0.00s CPU time), skipped 0 variants.
  Pass  (vp, vulkan) finished in 0.01 seconds. Local cache hits 3 (0.01s CPU time), remote cache hits 0 (0.00s CPU time), compiled 0 variants (0.00s CPU time), skipped 0 variants.
    Prepared data for serialisation in 0.00s
  Pass  (vp, gles3) finished in 0.01 seconds. Local cache hits 3 (0.02s CPU time), remote cache hits 0 (0.00s CPU time), compiled 0 variants (0.00s CPU time), skipped 0 variants.
  Pass  (vp, vulkan) finished in 0.01 seconds. Local cache hits 3 (0.01s CPU time), remote cache hits 0 (0.00s CPU time), compiled 0 variants (0.00s CPU time), skipped 0 variants.
    Prepared data for serialisation in 0.00s
  Pass  (vp, gles3) finished in 0.01 seconds. Local cache hits 3 (0.02s CPU time), remote cache hits 0 (0.00s CPU time), compiled 0 variants (0.00s CPU time), skipped 0 variants.
  Pass  (vp, vulkan) finished in 0.01 seconds. Local cache hits 3 (0.02s CPU time), remote cache hits 0 (0.00s CPU time), compiled 0 variants (0.00s CPU time), skipped 0 variants.
    Prepared data for serialisation in 0.00s
  Pass  (vp, gles3) finished in 0.01 seconds. Local cache hits 3 (0.02s CPU time), remote cache hits 0 (0.00s CPU time), compiled 0 variants (0.00s CPU time), skipped 0 variants.
  Pass  (vp, vulkan) finished in 0.01 seconds. Local cache hits 3 (0.01s CPU time), remote cache hits 0 (0.00s CPU time), compiled 0 variants (0.00s CPU time), skipped 0 variants.
    Prepared data for serialisation in 0.00s
  Pass  (vp, gles3) finished in 0.01 seconds. Local cache hits 3 (0.02s CPU time), remote cache hits 0 (0.00s CPU time), compiled 0 variants (0.00s CPU time), skipped 0 variants.
  Pass  (vp, vulkan) finished in 0.01 seconds. Local cache hits 3 (0.02s CPU time), remote cache hits 0 (0.00s CPU time), compiled 0 variants (0.00s CPU time), skipped 0 variants.
    Prepared data for serialisation in 0.00s
  Pass  (vp, gles3) finished in 0.01 seconds. Local cache hits 3 (0.02s CPU time), remote cache hits 0 (0.00s CPU time), compiled 0 variants (0.00s CPU time), skipped 0 variants.
  Pass  (vp, vulkan) finished in 0.01 seconds. Local cache hits 3 (0.01s CPU time), remote cache hits 0 (0.00s CPU time), compiled 0 variants (0.00s CPU time), skipped 0 variants.
    Prepared data for serialisation in 0.00s
Serialized binary data for shader Hidden/Internal-ODSWorldTexture in 0.00s
    gles3 (total internal programs: 30, unique: 9)
    vulkan (total internal programs: 30, unique: 9)
Compiling shader "Hidden/Internal-CubemapToEquirect"
  Pass "" (vp)
    Target graphics API: gles3
    Full variant space:         1
    After settings filtering:   1
    After built-in stripping:   3
    After scriptable stripping: 3
    Processed in 0.00 seconds
    Target graphics API: vulkan
    Full variant space:         1
    After settings filtering:   1
    After built-in stripping:   3
    After scriptable stripping: 3
    Processed in 0.00 seconds
  Pass  (vp, gles3) finished in 0.01 seconds. Local cache hits 3 (0.03s CPU time), remote cache hits 0 (0.00s CPU time), compiled 0 variants (0.00s CPU time), skipped 0 variants.
  Pass  (vp, vulkan) finished in 0.01 seconds. Local cache hits 3 (0.03s CPU time), remote cache hits 0 (0.00s CPU time), compiled 0 variants (0.00s CPU time), skipped 0 variants.
    Prepared data for serialisation in 0.00s
Serialized binary data for shader Hidden/Internal-CubemapToEquirect in 0.00s
    gles3 (total internal programs: 3, unique: 1)
    vulkan (total internal programs: 3, unique: 1)
Compiling shader "Hidden/VR/BlitFromTex2DToTexArraySlice"
  Pass "" (vp)
    Target graphics API: gles3
    Full variant space:         1
    After settings filtering:   1
    After built-in stripping:   3
    After scriptable stripping: 3
    Processed in 0.00 seconds
  Pass "" (vp)
    Target graphics API: gles3
    Full variant space:         1
    After settings filtering:   1
    After built-in stripping:   3
    After scriptable stripping: 3
    Processed in 0.00 seconds
    Target graphics API: vulkan
    Full variant space:         1
    After settings filtering:   1
    After built-in stripping:   3
    After scriptable stripping: 3
    Processed in 0.00 seconds
  Pass  (vp, gles3) finished in 0.00 seconds. Local cache hits 3 (0.00s CPU time), remote cache hits 0 (0.00s CPU time), compiled 0 variants (0.00s CPU time), skipped 0 variants.
    Prepared data for serialisation in 0.00s
  Pass  (vp, gles3) finished in 0.00 seconds. Local cache hits 3 (0.00s CPU time), remote cache hits 0 (0.00s CPU time), compiled 0 variants (0.00s CPU time), skipped 0 variants.
  Pass  (vp, vulkan) finished in 0.00 seconds. Local cache hits 3 (0.00s CPU time), remote cache hits 0 (0.00s CPU time), compiled 0 variants (0.00s CPU time), skipped 0 variants.
    Prepared data for serialisation in 0.00s
Serialized binary data for shader Hidden/VR/BlitFromTex2DToTexArraySlice in 0.00s
    gles3 (total internal programs: 6, unique: 2)
    vulkan (total internal programs: 3, unique: 1)
Compiling shader "Hidden/VideoComposite"
  Pass "Default" (vp)
    Target graphics API: gles3
    Full variant space:         1
    After settings filtering:   1
    After built-in stripping:   3
    After scriptable stripping: 3
    Processed in 0.00 seconds
    Target graphics API: vulkan
    Full variant space:         1
    After settings filtering:   1
    After built-in stripping:   3
    After scriptable stripping: 3
    Processed in 0.00 seconds
  Pass Default (vp, gles3) finished in 0.00 seconds. Local cache hits 3 (0.00s CPU time), remote cache hits 0 (0.00s CPU time), compiled 0 variants (0.00s CPU time), skipped 0 variants.
  Pass Default (vp, vulkan) finished in 0.00 seconds. Local cache hits 3 (0.00s CPU time), remote cache hits 0 (0.00s CPU time), compiled 0 variants (0.00s CPU time), skipped 0 variants.
    Prepared data for serialisation in 0.00s
Serialized binary data for shader Hidden/VideoComposite in 0.00s
    gles3 (total internal programs: 3, unique: 1)
    vulkan (total internal programs: 3, unique: 1)
Compiling shader "Hidden/VideoDecode"
  Pass "YCbCr_To_RGB1" (vp)
    Target graphics API: gles3
    Full variant space:         2
    After settings filtering:   2
    After built-in stripping:   6
    After scriptable stripping: 6
    Processed in 0.00 seconds
    Target graphics API: vulkan
    Full variant space:         2
    After settings filtering:   2
    After built-in stripping:   6
    After scriptable stripping: 6
    Processed in 0.00 seconds
  Pass "YCbCrA_To_RGBAFull" (vp)
    Target graphics API: gles3
    Full variant space:         2
    After settings filtering:   2
    After built-in stripping:   6
    After scriptable stripping: 6
    Processed in 0.00 seconds
    Target graphics API: vulkan
    Full variant space:         2
    After settings filtering:   2
    After built-in stripping:   6
    After scriptable stripping: 6
    Processed in 0.00 seconds
  Pass "YCbCrA_To_RGBA" (vp)
    Target graphics API: gles3
    Full variant space:         2
    After settings filtering:   2
    After built-in stripping:   6
    After scriptable stripping: 6
    Processed in 0.00 seconds
    Target graphics API: vulkan
    Full variant space:         2
    After settings filtering:   2
    After built-in stripping:   6
    After scriptable stripping: 6
    Processed in 0.00 seconds
  Pass "Flip_RGBA_To_RGBA" (vp)
    Target graphics API: gles3
    Full variant space:         2
    After settings filtering:   2
    After built-in stripping:   6
    After scriptable stripping: 6
    Processed in 0.00 seconds
    Target graphics API: vulkan
    Full variant space:         2
    After settings filtering:   2
    After built-in stripping:   6
    After scriptable stripping: 6
    Processed in 0.00 seconds
  Pass "Flip_RGBASplit_To_RGBA" (vp)
    Target graphics API: gles3
    Full variant space:         2
    After settings filtering:   2
    After built-in stripping:   6
    After scriptable stripping: 6
    Processed in 0.00 seconds
    Target graphics API: vulkan
    Full variant space:         2
    After settings filtering:   2
    After built-in stripping:   6
    After scriptable stripping: 6
    Processed in 0.00 seconds
  Pass "Flip_NV12_To_RGB1" (vp)
    Target graphics API: gles3
    Full variant space:         2
    After settings filtering:   2
    After built-in stripping:   6
    After scriptable stripping: 6
    Processed in 0.00 seconds
    Target graphics API: vulkan
    Full variant space:         2
    After settings filtering:   2
    After built-in stripping:   6
    After scriptable stripping: 6
    Processed in 0.00 seconds
  Pass "Flip_NV12_To_RGBA" (vp)
    Target graphics API: gles3
    Full variant space:         2
    After settings filtering:   2
    After built-in stripping:   6
    After scriptable stripping: 6
    Processed in 0.00 seconds
    Target graphics API: vulkan
    Full variant space:         2
    After settings filtering:   2
    After built-in stripping:   6
    After scriptable stripping: 6
    Processed in 0.00 seconds
  Pass "Flip_P010_To_RGB1" (vp)
    Target graphics API: gles3
    Full variant space:         1
    After settings filtering:   1
    After built-in stripping:   3
    After scriptable stripping: 3
    Processed in 0.00 seconds
    Target graphics API: vulkan
    Full variant space:         1
    After settings filtering:   1
    After built-in stripping:   3
    After scriptable stripping: 3
    Processed in 0.00 seconds
  Pass YCbCr_To_RGB1 (vp, gles3) finished in 0.03 seconds. Local cache hits 6 (0.08s CPU time), remote cache hits 0 (0.00s CPU time), compiled 0 variants (0.00s CPU time), skipped 0 variants.
  Pass YCbCr_To_RGB1 (vp, vulkan) finished in 0.03 seconds. Local cache hits 6 (0.17s CPU time), remote cache hits 0 (0.00s CPU time), compiled 0 variants (0.00s CPU time), skipped 0 variants.
    Prepared data for serialisation in 0.00s
  Pass YCbCrA_To_RGBAFull (vp, gles3) finished in 0.03 seconds. Local cache hits 6 (0.16s CPU time), remote cache hits 0 (0.00s CPU time), compiled 0 variants (0.00s CPU time), skipped 0 variants.
  Pass YCbCrA_To_RGBAFull (vp, vulkan) finished in 0.05 seconds. Local cache hits 6 (0.13s CPU time), remote cache hits 0 (0.00s CPU time), compiled 0 variants (0.00s CPU time), skipped 0 variants.
    Prepared data for serialisation in 0.00s
  Pass YCbCrA_To_RGBA (vp, gles3) finished in 0.05 seconds. Local cache hits 6 (0.11s CPU time), remote cache hits 0 (0.00s CPU time), compiled 0 variants (0.00s CPU time), skipped 0 variants.
  Pass YCbCrA_To_RGBA (vp, vulkan) finished in 0.03 seconds. Local cache hits 6 (0.14s CPU time), remote cache hits 0 (0.00s CPU time), compiled 0 variants (0.00s CPU time), skipped 0 variants.
    Prepared data for serialisation in 0.00s
  Pass Flip_RGBA_To_RGBA (vp, gles3) finished in 0.03 seconds. Local cache hits 6 (0.09s CPU time), remote cache hits 0 (0.00s CPU time), compiled 0 variants (0.00s CPU time), skipped 0 variants.
  Pass Flip_RGBA_To_RGBA (vp, vulkan) finished in 0.02 seconds. Local cache hits 6 (0.10s CPU time), remote cache hits 0 (0.00s CPU time), compiled 0 variants (0.00s CPU time), skipped 0 variants.
    Prepared data for serialisation in 0.00s
  Pass Flip_RGBASplit_To_RGBA (vp, gles3) finished in 0.04 seconds. Local cache hits 6 (0.13s CPU time), remote cache hits 0 (0.00s CPU time), compiled 0 variants (0.00s CPU time), skipped 0 variants.
  Pass Flip_RGBASplit_To_RGBA (vp, vulkan) finished in 0.02 seconds. Local cache hits 6 (0.08s CPU time), remote cache hits 0 (0.00s CPU time), compiled 0 variants (0.00s CPU time), skipped 0 variants.
    Prepared data for serialisation in 0.00s
  Pass Flip_NV12_To_RGB1 (vp, gles3) finished in 0.04 seconds. Local cache hits 6 (0.13s CPU time), remote cache hits 0 (0.00s CPU time), compiled 0 variants (0.00s CPU time), skipped 0 variants.
  Pass Flip_NV12_To_RGB1 (vp, vulkan) finished in 0.01 seconds. Local cache hits 6 (0.03s CPU time), remote cache hits 0 (0.00s CPU time), compiled 0 variants (0.00s CPU time), skipped 0 variants.
    Prepared data for serialisation in 0.00s
  Pass Flip_NV12_To_RGBA (vp, gles3) finished in 0.03 seconds. Local cache hits 6 (0.11s CPU time), remote cache hits 0 (0.00s CPU time), compiled 0 variants (0.00s CPU time), skipped 0 variants.
  Pass Flip_NV12_To_RGBA (vp, vulkan) finished in 0.01 seconds. Local cache hits 6 (0.03s CPU time), remote cache hits 0 (0.00s CPU time), compiled 0 variants (0.00s CPU time), skipped 0 variants.
    Prepared data for serialisation in 0.00s
  Pass Flip_P010_To_RGB1 (vp, gles3) finished in 0.02 seconds. Local cache hits 3 (0.03s CPU time), remote cache hits 0 (0.00s CPU time), compiled 0 variants (0.00s CPU time), skipped 0 variants.
  Pass Flip_P010_To_RGB1 (vp, vulkan) finished in 0.00 seconds. Local cache hits 3 (0.01s CPU time), remote cache hits 0 (0.00s CPU time), compiled 0 variants (0.00s CPU time), skipped 0 variants.
    Prepared data for serialisation in 0.00s
Serialized binary data for shader Hidden/VideoDecode in 0.00s
    gles3 (total internal programs: 45, unique: 15)
    vulkan (total internal programs: 45, unique: 15)
Compiling shader "Hidden/VideoDecodeAndroid"
  Pass "RGBAExternal_To_RGBA" (vp)
    Target graphics API: gles3
    Full variant space:         2
    After settings filtering:   2
    After built-in stripping:   6
    After scriptable stripping: 6
    Processed in 0.00 seconds
  Pass "RGBASplitExternal_To_RGBA" (vp)
    Target graphics API: gles3
    Full variant space:         2
    After settings filtering:   2
    After built-in stripping:   6
    After scriptable stripping: 6
    Processed in 0.00 seconds
  Pass RGBAExternal_To_RGBA (vp, gles3) finished in 0.00 seconds. Local cache hits 6 (0.01s CPU time), remote cache hits 0 (0.00s CPU time), compiled 0 variants (0.00s CPU time), skipped 0 variants.
    Prepared data for serialisation in 0.00s
  Pass RGBASplitExternal_To_RGBA (vp, gles3) finished in 0.00 seconds. Local cache hits 6 (0.02s CPU time), remote cache hits 0 (0.00s CPU time), compiled 0 variants (0.00s CPU time), skipped 0 variants.
    Prepared data for serialisation in 0.00s
Serialized binary data for shader Hidden/VideoDecodeAndroid in 0.00s
    gles3 (total internal programs: 12, unique: 12)
    vulkan (total internal programs: 0, unique: 0)
Compiling shader "Hidden/TextCore/Distance Field SSD"
  Pass "" (vp)
    Target graphics API: gles3
    Full variant space:         1
    After settings filtering:   1
    After built-in stripping:   3
    After scriptable stripping: 3
    Processed in 0.00 seconds
    Target graphics API: vulkan
    Full variant space:         1
    After settings filtering:   1
    After built-in stripping:   3
    After scriptable stripping: 3
    Processed in 0.00 seconds
  Pass  (vp, gles3) finished in 0.00 seconds. Local cache hits 3 (0.00s CPU time), remote cache hits 0 (0.00s CPU time), compiled 0 variants (0.00s CPU time), skipped 0 variants.
  Pass  (vp, vulkan) finished in 0.00 seconds. Local cache hits 3 (0.00s CPU time), remote cache hits 0 (0.00s CPU time), compiled 0 variants (0.00s CPU time), skipped 0 variants.
    Prepared data for serialisation in 0.00s
Serialized binary data for shader Hidden/TextCore/Distance Field SSD in 0.00s
    gles3 (total internal programs: 3, unique: 1)
    vulkan (total internal programs: 3, unique: 1)
Compiling shader "Hidden/Physics2D/SDF_CircleGeometry"
  Pass "" (vp)
    Target graphics API: gles3
    Full variant space:         2
    After settings filtering:   2
    After built-in stripping:   3
    After scriptable stripping: 3
    Processed in 0.00 seconds
    Target graphics API: vulkan
    Full variant space:         2
    After settings filtering:   2
    After built-in stripping:   3
    After scriptable stripping: 3
    Processed in 0.00 seconds
  Pass  (vp, gles3) finished in 0.02 seconds. Local cache hits 3 (0.07s CPU time), remote cache hits 0 (0.00s CPU time), compiled 0 variants (0.00s CPU time), skipped 0 variants.
  Pass  (vp, vulkan) finished in 0.02 seconds. Local cache hits 3 (0.07s CPU time), remote cache hits 0 (0.00s CPU time), compiled 0 variants (0.00s CPU time), skipped 0 variants.
    Prepared data for serialisation in 0.00s
Serialized binary data for shader Hidden/Physics2D/SDF_CircleGeometry in 0.00s
    gles3 (total internal programs: 3, unique: 1)
    vulkan (total internal programs: 3, unique: 1)
Compiling shader "Hidden/Physics2D/SDF_CapsuleGeometry"
  Pass "" (vp)
    Target graphics API: gles3
    Full variant space:         2
    After settings filtering:   2
    After built-in stripping:   3
    After scriptable stripping: 3
    Processed in 0.00 seconds
    Target graphics API: vulkan
    Full variant space:         2
    After settings filtering:   2
    After built-in stripping:   3
    After scriptable stripping: 3
    Processed in 0.00 seconds
  Pass  (vp, gles3) finished in 0.00 seconds. Local cache hits 3 (0.01s CPU time), remote cache hits 0 (0.00s CPU time), compiled 0 variants (0.00s CPU time), skipped 0 variants.
  Pass  (vp, vulkan) finished in 0.01 seconds. Local cache hits 3 (0.02s CPU time), remote cache hits 0 (0.00s CPU time), compiled 0 variants (0.00s CPU time), skipped 0 variants.
    Prepared data for serialisation in 0.00s
Serialized binary data for shader Hidden/Physics2D/SDF_CapsuleGeometry in 0.00s
    gles3 (total internal programs: 3, unique: 1)
    vulkan (total internal programs: 3, unique: 1)
Compiling shader "Hidden/Physics2D/SDF_PolygonGeometry"
  Pass "" (vp)
    Target graphics API: gles3
    Full variant space:         2
    After settings filtering:   2
    After built-in stripping:   3
    After scriptable stripping: 3
    Processed in 0.00 seconds
    Target graphics API: vulkan
    Full variant space:         2
    After settings filtering:   2
    After built-in stripping:   3
    After scriptable stripping: 3
    Processed in 0.00 seconds
  Pass  (vp, gles3) finished in 0.01 seconds. Local cache hits 3 (0.04s CPU time), remote cache hits 0 (0.00s CPU time), compiled 0 variants (0.00s CPU time), skipped 0 variants.
  Pass  (vp, vulkan) finished in 0.01 seconds. Local cache hits 3 (0.04s CPU time), remote cache hits 0 (0.00s CPU time), compiled 0 variants (0.00s CPU time), skipped 0 variants.
    Prepared data for serialisation in 0.00s
Serialized binary data for shader Hidden/Physics2D/SDF_PolygonGeometry in 0.00s
    gles3 (total internal programs: 3, unique: 1)
    vulkan (total internal programs: 3, unique: 1)
Compiling shader "Hidden/Physics2D/SDF_Line"
  Pass "" (vp)
    Target graphics API: gles3
    Full variant space:         2
    After settings filtering:   2
    After built-in stripping:   3
    After scriptable stripping: 3
    Processed in 0.00 seconds
    Target graphics API: vulkan
    Full variant space:         2
    After settings filtering:   2
    After built-in stripping:   3
    After scriptable stripping: 3
    Processed in 0.00 seconds
  Pass  (vp, gles3) finished in 0.00 seconds. Local cache hits 3 (0.00s CPU time), remote cache hits 0 (0.00s CPU time), compiled 0 variants (0.00s CPU time), skipped 0 variants.
  Pass  (vp, vulkan) finished in 0.00 seconds. Local cache hits 3 (0.00s CPU time), remote cache hits 0 (0.00s CPU time), compiled 0 variants (0.00s CPU time), skipped 0 variants.
    Prepared data for serialisation in 0.00s
Serialized binary data for shader Hidden/Physics2D/SDF_Line in 0.00s
    gles3 (total internal programs: 3, unique: 1)
    vulkan (total internal programs: 3, unique: 1)
Compiling shader "Hidden/Physics2D/SDF_Point"
  Pass "" (vp)
    Target graphics API: gles3
    Full variant space:         2
    After settings filtering:   2
    After built-in stripping:   3
    After scriptable stripping: 3
    Processed in 0.00 seconds
    Target graphics API: vulkan
    Full variant space:         2
    After settings filtering:   2
    After built-in stripping:   3
    After scriptable stripping: 3
    Processed in 0.00 seconds
  Pass  (vp, gles3) finished in 0.00 seconds. Local cache hits 3 (0.00s CPU time), remote cache hits 0 (0.00s CPU time), compiled 0 variants (0.00s CPU time), skipped 0 variants.
  Pass  (vp, vulkan) finished in 0.00 seconds. Local cache hits 3 (0.00s CPU time), remote cache hits 0 (0.00s CPU time), compiled 0 variants (0.00s CPU time), skipped 0 variants.
    Prepared data for serialisation in 0.00s
Serialized binary data for shader Hidden/Physics2D/SDF_Point in 0.00s
    gles3 (total internal programs: 3, unique: 1)
    vulkan (total internal programs: 3, unique: 1)
SpriteAtlasDatabase::Cleanup
DisplayProgressbar: Initializing
Android PostProcess task "Initializing" took 0,6067 ms
DisplayProgressbar: Check gradle project collisions
Android PostProcess task "Check gradle project collisions" took 0,1627 ms
DisplayProgressbar: Preparing banner
Android PostProcess task "Preparing banner" took 0,3238 ms
    Call "UnityEditor.Android.AndroidHardwareProfilesManager.Setup" from assembly 'UnityEditor.Android.Extensions'
Starting: C:\Program Files\Unity\Hub\Editor\6000.6.0f1\Editor\Data\Tools\BuildPipeline\bee_backend.exe --ipc --dagfile="Library/Bee/Player20f77331.dag" --profile="Library/Bee/backend1.traceevents" Player
WorkingDir: E:/Programming Projekte/worktrees/wt-agent-root-digital-dojo
Starting: C:\Program Files\Unity\Hub\Editor\6000.6.0f1\Editor\Data\DotNetSdk\dotnet.exe "C:\Program Files\Unity\Hub\Editor\6000.6.0f1\Editor\Data\PlaybackEngines\AndroidPlayer\AndroidPlayerBuildProgram.exe" "C:/Program Files/Unity/Hub/Editor/6000.6.0f1/Editor/Data/PlaybackEngines/AndroidPlayer/Bee;C:/Program Files/Unity/Hub/Editor/6000.6.0f1/Editor/Data/Tools/BuildPipeline" "Library/Bee/Player20f77331.dag.json" "Library/Bee/Player20f77331-inputdata.json" "Library\Bee\buildprogram0.traceevents"
WorkingDir: E:/Programming Projekte/worktrees/wt-agent-root-digital-dojo
ExitCode: 4 Duration: 0s54ms
DisplayProgressbar: Incremental Player Build
ExitCode: 0 Duration: 0s713ms
Starting: C:\Program Files\Unity\Hub\Editor\6000.6.0f1\Editor\Data\Tools\BuildPipeline\bee_backend.exe --ipc --dagfile="Library/Bee/Player20f77331.dag" --dagfilejson="Library\Bee\Player20f77331.dag.json" --profile="Library/Bee/backend2.traceevents" Player
WorkingDir: E:/Programming Projekte/worktrees/wt-agent-root-digital-dojo
Starting: C:\Program Files\Unity\Hub\Editor\6000.6.0f1\Editor\Data\DotNetSdk\dotnet.exe "C:\Program Files\Unity\Hub\Editor\6000.6.0f1\Editor\Data\PlaybackEngines\AndroidPlayer\AndroidPlayerBuildProgram.exe" "C:/Program Files/Unity/Hub/Editor/6000.6.0f1/Editor/Data/PlaybackEngines/AndroidPlayer/Bee;C:/Program Files/Unity/Hub/Editor/6000.6.0f1/Editor/Data/Tools/BuildPipeline" "Library/Bee/Player20f77331.dag.json" "Library/Bee/Player20f77331-inputdata.json" "Library\Bee\buildprogram1.traceevents"
WorkingDir: E:/Programming Projekte/worktrees/wt-agent-root-digital-dojo
ExitCode: 4 Duration: 1m:14s
ExitCode: 0 Duration: 0s435ms
Starting: C:\Program Files\Unity\Hub\Editor\6000.6.0f1\Editor\Data\Tools\BuildPipeline\bee_backend.exe --ipc --dagfile="Library/Bee/Player20f77331.dag" --dagfilejson="Library\Bee\Player20f77331.dag.json" --profile="Library/Bee/backend3.traceevents" Player
WorkingDir: E:/Programming Projekte/worktrees/wt-agent-root-digital-dojo
ExitCode: 0 Duration: 0s145ms
DisplayProgressbar: Calling IPostGenerateGradleAndroidProject callbacks
Calling IPostGenerateGradleAndroidProject callbacks on 'E:\Programming Projekte\worktrees\wt-agent-root-digital-dojo\Library\Bee\Android\Prj\IL2CPP\Gradle\unityLibrary':
    Call "DynamicsAndroidGradleIntegration.OnPostGenerateGradleAndroidProject" from assembly 'Assembly-CSharp-Editor'
[Dynamics] SDK build mode: COMPATIBILITY
UnityEngine.Debug:ExtractStackTraceNoAlloc (byte*,int,string)
UnityEngine.StackTraceUtility:ExtractStackTrace ()
UnityEngine.DebugLogHandler:Internal_Log (UnityEngine.LogType,UnityEngine.LogOption,string,UnityEngine.Object)
UnityEngine.DebugLogHandler:LogFormat (UnityEngine.LogType,UnityEngine.Object,string,object[])
UnityEngine.Logger:Log (UnityEngine.LogType,object)
UnityEngine.Debug:Log (object)
DynamicsAndroidGradleIntegration:OnPostGenerateGradleAndroidProject (string) (at Assets/Editor/DynamicsAndroidGradleIntegration.cs:16)
UnityEditor.Android.PostProcessor.Tasks.ProcessGenerateProjectCallbacks:OnGeneratePlatformProjectPostprocess (string,bool) (at /home/bokken/build/output/unity/unity/PlatformDependent/AndroidPlayer/Editor/Managed/PostProcessor/Tasks/ProcessGenerateProjectCallbacks.cs:41)
UnityEditor.Android.PostProcessor.Tasks.ProcessGenerateProjectCallbacks:Execute (UnityEditor.Android.PostProcessor.PostProcessorContext) (at /home/bokken/build/output/unity/unity/PlatformDependent/AndroidPlayer/Editor/Managed/PostProcessor/Tasks/ProcessGenerateProjectCallbacks.cs:67)
UnityEditor.Android.PostProcessor.PostProcessRunner:RunAllTasks (UnityEditor.Android.PostProcessor.PostProcessorContext) (at /home/bokken/build/output/unity/unity/PlatformDependent/AndroidPlayer/Editor/Managed/PostProcessor/AndroidPostProcessor.cs:112)
UnityEditor.Android.PostProcessAndroidPlayer:PostProcess (UnityEditor.Modules.BuildPostProcessArgs,AndroidPlayerBuildProgram.Data.AndroidPlayerBuildProgramOutput) (at /home/bokken/build/output/unity/unity/PlatformDependent/AndroidPlayer/Editor/Managed/PostProcessAndroidPlayer.cs:362)
UnityEditor.Android.AndroidBuildPostprocessor:PostProcess (UnityEditor.Modules.BuildPostProcessArgs,UnityEditor.BuildProperties&) (at /home/bokken/build/output/unity/unity/PlatformDependent/AndroidPlayer/Editor/Managed/AndroidBuildPostprocessor.cs:212)
UnityEditor.PostprocessBuildPlayer:Postprocess (UnityEditor.BuildTarget,int,string,string,string,UnityEditor.BuildOptions,UnityEditor.RuntimeClassRegistry,UnityEditor.Build.Reporting.BuildReport,string[])
UnityEditor.BuildPipeline:BuildPlayerInternal (string[],string,string,UnityEditor.BuildTargetGroup,UnityEditor.BuildTarget,int,UnityEditor.BuildOptions,string[],string[],bool)
UnityEditor.BuildPipeline:BuildPlayer (UnityEditor.BuildPlayerOptions)
GameRegressionChecks:BuildCandidate (UnityEditor.BuildTarget,string,string,string) (at Assets/Editor/GameRegressionChecks.cs:81)
GameRegressionChecks:BuildAndroidCandidate () (at Assets/Editor/GameRegressionChecks.cs:69)

(Filename: Assets/Editor/DynamicsAndroidGradleIntegration.cs Line: 16)

[Dynamics] Generated Android build configured for SDK 0.25.6 / Kotlin 2.3.21. This is not a build or hardware verification result.
UnityEngine.Debug:ExtractStackTraceNoAlloc (byte*,int,string)
UnityEngine.StackTraceUtility:ExtractStackTrace ()
UnityEngine.DebugLogHandler:Internal_Log (UnityEngine.LogType,UnityEngine.LogOption,string,UnityEngine.Object)
UnityEngine.DebugLogHandler:LogFormat (UnityEngine.LogType,UnityEngine.Object,string,object[])
UnityEngine.Logger:Log (UnityEngine.LogType,object)
UnityEngine.Debug:Log (object)
DynamicsAndroidGradleIntegration:OnPostGenerateGradleAndroidProject (string) (at Assets/Editor/DynamicsAndroidGradleIntegration.cs:17)
UnityEditor.Android.PostProcessor.Tasks.ProcessGenerateProjectCallbacks:OnGeneratePlatformProjectPostprocess (string,bool) (at /home/bokken/build/output/unity/unity/PlatformDependent/AndroidPlayer/Editor/Managed/PostProcessor/Tasks/ProcessGenerateProjectCallbacks.cs:41)
UnityEditor.Android.PostProcessor.Tasks.ProcessGenerateProjectCallbacks:Execute (UnityEditor.Android.PostProcessor.PostProcessorContext) (at /home/bokken/build/output/unity/unity/PlatformDependent/AndroidPlayer/Editor/Managed/PostProcessor/Tasks/ProcessGenerateProjectCallbacks.cs:67)
UnityEditor.Android.PostProcessor.PostProcessRunner:RunAllTasks (UnityEditor.Android.PostProcessor.PostProcessorContext) (at /home/bokken/build/output/unity/unity/PlatformDependent/AndroidPlayer/Editor/Managed/PostProcessor/AndroidPostProcessor.cs:112)
UnityEditor.Android.PostProcessAndroidPlayer:PostProcess (UnityEditor.Modules.BuildPostProcessArgs,AndroidPlayerBuildProgram.Data.AndroidPlayerBuildProgramOutput) (at /home/bokken/build/output/unity/unity/PlatformDependent/AndroidPlayer/Editor/Managed/PostProcessAndroidPlayer.cs:362)
UnityEditor.Android.AndroidBuildPostprocessor:PostProcess (UnityEditor.Modules.BuildPostProcessArgs,UnityEditor.BuildProperties&) (at /home/bokken/build/output/unity/unity/PlatformDependent/AndroidPlayer/Editor/Managed/AndroidBuildPostprocessor.cs:212)
UnityEditor.PostprocessBuildPlayer:Postprocess (UnityEditor.BuildTarget,int,string,string,string,UnityEditor.BuildOptions,UnityEditor.RuntimeClassRegistry,UnityEditor.Build.Reporting.BuildReport,string[])
UnityEditor.BuildPipeline:BuildPlayerInternal (string[],string,string,UnityEditor.BuildTargetGroup,UnityEditor.BuildTarget,int,UnityEditor.BuildOptions,string[],string[],bool)
UnityEditor.BuildPipeline:BuildPlayer (UnityEditor.BuildPlayerOptions)
GameRegressionChecks:BuildCandidate (UnityEditor.BuildTarget,string,string,string) (at Assets/Editor/GameRegressionChecks.cs:81)
GameRegressionChecks:BuildAndroidCandidate () (at Assets/Editor/GameRegressionChecks.cs:69)

(Filename: Assets/Editor/DynamicsAndroidGradleIntegration.cs Line: 17)

Android PostProcess task "Calling IPostGenerateGradleAndroidProject callbacks" took 37,1495 ms
DisplayProgressbar: Validate Gradle Project
Android PostProcess task "Validate Gradle Project" took 0,4915 ms
Android PostProcess task "Unity Services Symbol Upload" took 0,2196 ms
DisplayProgressbar: Building Gradle project
Total cache size 149757229
Total cache size after purge 149757229, took 00:00:00.1373408
Starting: C:\Program Files\Unity\Hub\Editor\6000.6.0f1\Editor\Data\PlaybackEngines\AndroidPlayer\OpenJDK\bin\java.exe -classpath "C:\Program Files\Unity\Hub\Editor\6000.6.0f1\Editor\Data\PlaybackEngines\AndroidPlayer\Tools\gradle\lib\gradle-launcher-9.1.0.jar" org.gradle.launcher.GradleMain "-Dorg.gradle.jvmargs=-Xmx4096m" "assembleDebug"
WorkingDir: E:/Programming Projekte/worktrees/wt-agent-root-digital-dojo/Library/Bee/Android/Prj/IL2CPP/Gradle\launcher
Build log was saved at 'E:\Programming Projekte\worktrees\wt-agent-root-digital-dojo\Library\Bee\Android\Prj\IL2CPP\Gradle\launcher\build\outputs\logs\unity-assembleDebug-build.log'

[Incubating] Problems report is available at: file:///E:/Programming%20Projekte/worktrees/wt-agent-root-digital-dojo/Library/Bee/Android/Prj/IL2CPP/Gradle/build/reports/problems/problems-report.html
UnityEngine.Debug:ExtractStackTraceNoAlloc (byte*,int,string)
UnityEngine.StackTraceUtility:ExtractStackTrace ()
UnityEngine.DebugLogHandler:Internal_Log (UnityEngine.LogType,UnityEngine.LogOption,string,UnityEngine.Object)
UnityEngine.DebugLogHandler:LogFormat (UnityEngine.LogType,UnityEngine.Object,string,object[])
UnityEngine.Logger:Log (UnityEngine.LogType,object)
UnityEngine.Debug:LogError (object)
UnityEditor.Android.GradleInvokationException:ParseAndShowException () (at /home/bokken/build/output/unity/unity/PlatformDependent/AndroidPlayer/Editor/Managed/Android/Gradle.cs:139)
UnityEditor.Android.PostProcessor.PostProcessRunner:RunAllTasks (UnityEditor.Android.PostProcessor.PostProcessorContext) (at /home/bokken/build/output/unity/unity/PlatformDependent/AndroidPlayer/Editor/Managed/PostProcessor/AndroidPostProcessor.cs:121)
UnityEditor.Android.PostProcessAndroidPlayer:PostProcess (UnityEditor.Modules.BuildPostProcessArgs,AndroidPlayerBuildProgram.Data.AndroidPlayerBuildProgramOutput) (at /home/bokken/build/output/unity/unity/PlatformDependent/AndroidPlayer/Editor/Managed/PostProcessAndroidPlayer.cs:362)
UnityEditor.Android.AndroidBuildPostprocessor:PostProcess (UnityEditor.Modules.BuildPostProcessArgs,UnityEditor.BuildProperties&) (at /home/bokken/build/output/unity/unity/PlatformDependent/AndroidPlayer/Editor/Managed/AndroidBuildPostprocessor.cs:212)
UnityEditor.PostprocessBuildPlayer:Postprocess (UnityEditor.BuildTarget,int,string,string,string,UnityEditor.BuildOptions,UnityEditor.RuntimeClassRegistry,UnityEditor.Build.Reporting.BuildReport,string[])
UnityEditor.BuildPipeline:BuildPlayerInternal (string[],string,string,UnityEditor.BuildTargetGroup,UnityEditor.BuildTarget,int,UnityEditor.BuildOptions,string[],string[],bool)
UnityEditor.BuildPipeline:BuildPlayer (UnityEditor.BuildPlayerOptions)
GameRegressionChecks:BuildCandidate (UnityEditor.BuildTarget,string,string,string) (at Assets/Editor/GameRegressionChecks.cs:81)
GameRegressionChecks:BuildAndroidCandidate () (at Assets/Editor/GameRegressionChecks.cs:69)

(Filename: /home/bokken/build/output/unity/unity/PlatformDependent/AndroidPlayer/Editor/Managed/Android/Gradle.cs Line: 139)


FAILURE: Build failed with an exception.

* Where:
Build file 'E:\Programming Projekte\worktrees\wt-agent-root-digital-dojo\Library\Bee\Android\Prj\IL2CPP\Gradle\build.gradle' line: 8

* What went wrong:
Could not compile build file 'E:\Programming Projekte\worktrees\wt-agent-root-digital-dojo\Library\Bee\Android\Prj\IL2CPP\Gradle\build.gradle'.
> startup failed:
  build file 'E:\Programming Projekte\worktrees\wt-agent-root-digital-dojo\Library\Bee\Android\Prj\IL2CPP\Gradle\build.gradle': 8: only buildscript {}, pluginManagement {} and other plugins {} script blocks are allowed before plugins {} blocks, no other statements are allowed

  For more information on the plugins {} block, please refer to https://docs.gradle.org/9.1.0/userguide/plugins.html#sec:plugins_block in the Gradle documentation.

   @ line 8, column 1.
     plugins {
     ^

  1 error


* Try:
> Run with --stacktrace option to get the stack trace.
> Run with --info or --debug option to get more log output.
> Run with --scan to generate a Build Scan (Powered by Develocity).
> Get more help at https://help.gradle.org.

BUILD FAILED in 1s
UnityEngine.Debug:ExtractStackTraceNoAlloc (byte*,int,string)
UnityEngine.StackTraceUtility:ExtractStackTrace ()
UnityEngine.DebugLogHandler:Internal_Log (UnityEngine.LogType,UnityEngine.LogOption,string,UnityEngine.Object)
UnityEngine.DebugLogHandler:LogFormat (UnityEngine.LogType,UnityEngine.Object,string,object[])
UnityEngine.Logger:Log (UnityEngine.LogType,object)
UnityEngine.Debug:LogError (object)
UnityEditor.Android.GradleInvokationException:ParseAndShowException () (at /home/bokken/build/output/unity/unity/PlatformDependent/AndroidPlayer/Editor/Managed/Android/Gradle.cs:139)
UnityEditor.Android.PostProcessor.PostProcessRunner:RunAllTasks (UnityEditor.Android.PostProcessor.PostProcessorContext) (at /home/bokken/build/output/unity/unity/PlatformDependent/AndroidPlayer/Editor/Managed/PostProcessor/AndroidPostProcessor.cs:121)
UnityEditor.Android.PostProcessAndroidPlayer:PostProcess (UnityEditor.Modules.BuildPostProcessArgs,AndroidPlayerBuildProgram.Data.AndroidPlayerBuildProgramOutput) (at /home/bokken/build/output/unity/unity/PlatformDependent/AndroidPlayer/Editor/Managed/PostProcessAndroidPlayer.cs:362)
UnityEditor.Android.AndroidBuildPostprocessor:PostProcess (UnityEditor.Modules.BuildPostProcessArgs,UnityEditor.BuildProperties&) (at /home/bokken/build/output/unity/unity/PlatformDependent/AndroidPlayer/Editor/Managed/AndroidBuildPostprocessor.cs:212)
UnityEditor.PostprocessBuildPlayer:Postprocess (UnityEditor.BuildTarget,int,string,string,string,UnityEditor.BuildOptions,UnityEditor.RuntimeClassRegistry,UnityEditor.Build.Reporting.BuildReport,string[])
UnityEditor.BuildPipeline:BuildPlayerInternal (string[],string,string,UnityEditor.BuildTargetGroup,UnityEditor.BuildTarget,int,UnityEditor.BuildOptions,string[],string[],bool)
UnityEditor.BuildPipeline:BuildPlayer (UnityEditor.BuildPlayerOptions)
GameRegressionChecks:BuildCandidate (UnityEditor.BuildTarget,string,string,string) (at Assets/Editor/GameRegressionChecks.cs:81)
GameRegressionChecks:BuildAndroidCandidate () (at Assets/Editor/GameRegressionChecks.cs:69)

(Filename: /home/bokken/build/output/unity/unity/PlatformDependent/AndroidPlayer/Editor/Managed/Android/Gradle.cs Line: 139)

CommandInvokationFailure: Gradle build failed.
C:\Program Files\Unity\Hub\Editor\6000.6.0f1\Editor\Data\PlaybackEngines\AndroidPlayer\OpenJDK\bin\java.exe -classpath "C:\Program Files\Unity\Hub\Editor\6000.6.0f1\Editor\Data\PlaybackEngines\AndroidPlayer\Tools\gradle\lib\gradle-launcher-9.1.0.jar" org.gradle.launcher.GradleMain "-Dorg.gradle.jvmargs=-Xmx4096m" "assembleDebug"

Environment Variables: [OMITTED FROM SHAREABLE EVIDENCE]
stderr[

FAILURE: Build failed with an exception.

* Where:
Build file 'E:\Programming Projekte\worktrees\wt-agent-root-digital-dojo\Library\Bee\Android\Prj\IL2CPP\Gradle\build.gradle' line: 8

* What went wrong:
Could not compile build file 'E:\Programming Projekte\worktrees\wt-agent-root-digital-dojo\Library\Bee\Android\Prj\IL2CPP\Gradle\build.gradle'.
> startup failed:
  build file 'E:\Programming Projekte\worktrees\wt-agent-root-digital-dojo\Library\Bee\Android\Prj\IL2CPP\Gradle\build.gradle': 8: only buildscript {}, pluginManagement {} and other plugins {} script blocks are allowed before plugins {} blocks, no other statements are allowed

  For more information on the plugins {} block, please refer to https://docs.gradle.org/9.1.0/userguide/plugins.html#sec:plugins_block in the Gradle documentation.

   @ line 8, column 1.
     plugins {
     ^

  1 error


* Try:
> Run with --stacktrace option to get the stack trace.
> Run with --info or --debug option to get more log output.
> Run with --scan to generate a Build Scan (Powered by Develocity).
> Get more help at https://help.gradle.org.

BUILD FAILED in 1s
]
stdout[

[Incubating] Problems report is available at: file:///E:/Programming%20Projekte/worktrees/wt-agent-root-digital-dojo/Library/Bee/Android/Prj/IL2CPP/Gradle/build/reports/problems/problems-report.html
]
exit code: 1
  at UnityEditor.Android.Command.WaitForProgramToRun (UnityEditor.Utils.Program p, UnityEditor.Android.Command+WaitingForProcessToExit waitingForProcessToExit, System.String errorMsg) [0x00099] in /home/bokken/build/output/unity/unity/PlatformDependent/AndroidPlayer/Editor/Managed/Android/Command.cs:221
  at UnityEditor.Android.Command.Run (System.Diagnostics.ProcessStartInfo psi, UnityEditor.Android.Command+WaitingForProcessToExit waitingForProcessToExit, System.String errorMsg) [0x00017] in /home/bokken/build/output/unity/unity/PlatformDependent/AndroidPlayer/Editor/Managed/Android/Command.cs:159
  at UnityEditor.Android.Command.Run (System.String command, System.String args, System.String workingdir, UnityEditor.Android.Command+WaitingForProcessToExit waitingForProcessToExit, System.String errorMsg, System.Text.Encoding inputEncoding) [0x0000c] in /home/bokken/build/output/unity/unity/PlatformDependent/AndroidPlayer/Editor/Managed/Android/Command.cs:117
  at UnityEditor.Android.AndroidJavaTools.RunJava (System.String args, System.String workingdir, System.Action`1[T] progress, System.String error) [0x00046] in /home/bokken/build/output/unity/unity/PlatformDependent/AndroidPlayer/Editor/Managed/Android/AndroidJavaTools.cs:115
  at UnityEditor.Android.GradleWrapper.Run (UnityEditor.Android.AndroidJavaTools javaTools, Unity.Android.Gradle.AndroidGradle androidGradle, System.String workingdir, System.String task, System.String[] extraArguments, System.Action`1[T] progress) [0x00079] in /home/bokken/build/output/unity/unity/PlatformDependent/AndroidPlayer/Editor/Managed/Android/Gradle.cs:271
Rethrow as GradleInvokationException: Gradle build failed
  at UnityEditor.Android.GradleWrapper.Run (UnityEditor.Android.AndroidJavaTools javaTools, Unity.Android.Gradle.AndroidGradle androidGradle, System.String workingdir, System.String task, System.String[] extraArguments, System.Action`1[T] progress) [0x000bd] in /home/bokken/build/output/unity/unity/PlatformDependent/AndroidPlayer/Editor/Managed/Android/Gradle.cs:280
  at UnityEditor.Android.PostProcessor.Tasks.TasksCommon.RunGradleTask (UnityEditor.Android.PostProcessor.PostProcessorContext context, System.String workingDirectory, System.String taskName, System.String[] extraArguments, UnityEditor.Android.PostProcessor.IPostProcessorTask owner, UnityEditor.Android.PostProcessor.ProgressHandler progress) [0x00030] in /home/bokken/build/output/unity/unity/PlatformDependent/AndroidPlayer/Editor/Managed/PostProcessor/Tasks/TasksCommon.cs:71
  at UnityEditor.Android.PostProcessor.Tasks.TasksCommon.RunLauncherGradleTask (UnityEditor.Android.PostProcessor.PostProcessorContext context, System.String taskName, System.String[] extraArguments, UnityEditor.Android.PostProcessor.IPostProcessorTask owner, UnityEditor.Android.PostProcessor.ProgressHandler progress) [0x00001] in /home/bokken/build/output/unity/unity/PlatformDependent/AndroidPlayer/Editor/Managed/PostProcessor/Tasks/TasksCommon.cs:54
  at UnityEditor.Android.PostProcessor.Tasks.BuildGradleProject.Execute (UnityEditor.Android.PostProcessor.PostProcessorContext context) [0x00212] in /home/bokken/build/output/unity/unity/PlatformDependent/AndroidPlayer/Editor/Managed/PostProcessor/Tasks/BuildGradleProject.cs:100
  at UnityEditor.Android.PostProcessor.PostProcessRunner.RunAllTasks (UnityEditor.Android.PostProcessor.PostProcessorContext context) [0x00078] in /home/bokken/build/output/unity/unity/PlatformDependent/AndroidPlayer/Editor/Managed/PostProcessor/AndroidPostProcessor.cs:112
UnityEngine.StackTraceUtility:ExtractStringFromExceptionInternal(Object, String&, String&)
UnityEditor.BuildPipeline:BuildPlayerInternal_Injected(String[], ManagedSpanWrapper&, ManagedSpanWrapper&, BuildTargetGroup, BuildTarget, Int32, BuildOptions, String[], String[], Boolean)
UnityEditor.BuildPipeline:BuildPlayerInternal(String[], String, String, BuildTargetGroup, BuildTarget, Int32, BuildOptions, String[], String[], Boolean)
UnityEditor.BuildPipeline:BuildPlayer(BuildPlayerOptions)
GameRegressionChecks:BuildCandidate(BuildTarget, String, String, String) (at Assets\Editor\GameRegressionChecks.cs:81)
GameRegressionChecks:BuildAndroidCandidate() (at Assets\Editor\GameRegressionChecks.cs:69)

(Filename: /home/bokken/build/output/unity/unity/PlatformDependent/AndroidPlayer/Editor/Managed/Android/Command.cs Line: 221)

Unloading 52 Unused Serialized files (Serialized files now loaded: 0)
Unloading 5837 unused Assets / (8.8 MB). Loaded Objects now: 5272.
Memory consumption went from 381.3 MB to 372.5 MB.
Total: 8.137300 ms (FindLiveObjects: 0.524900 ms CreateObjectMapping: 0.172800 ms MarkObjects: 5.411300 ms  DeleteObjects: 1.802300 ms)

Build Finished, Result: Failure.
Unloading 0 Unused Serialized files (Serialized files now loaded: 0)
Loaded scene 'Temp/__Backupscenes/0.backup'
	Deserialize:            0.321 ms
	Integration:            5.164 ms
	Integration of assets:  0.001 ms
	Thread Wait Time:       0.007 ms
	Total Operation Time:   5.494 ms
Unloading 0 unused Assets / (0 B). Loaded Objects now: 5264.
Memory consumption went from 371.2 MB to 371.2 MB.
Total: 5.544400 ms (FindLiveObjects: 0.269900 ms CreateObjectMapping: 0.050500 ms MarkObjects: 5.002300 ms  DeleteObjects: 0.006900 ms)

##utp:{"success":false,"type":"PlayerBuildInfo","version":2,"phase":"Immediate","time":1789371081872,"processId":10756,"steps":[{"description":"Call PrepareForBuild callbacks","duration":2},{"description":"Call internal build started callbacks","duration":0},{"description":"Preprocess Player","duration":417},{"description":"Save scenes before build","duration":0},{"description":"Prepare For Build","duration":9648},{"description":"ProducePlayerScriptAssemblies","duration":6053},{"description":"Verify Build setup","duration":492},{"description":"Prepare assets for target platform","duration":1},{"description":"Prepare splash screen","duration":34},{"description":"Build scripts DLLs","duration":39},{"description":"Building scenes","duration":699},{"description":"Build GlobalGameManagers file","duration":101},{"description":"Writing asset files","duration":5017},{"description":"Building Resources/unity_builtin_extra","duration":1643},{"description":"Write data build dirty tracking information","duration":370},{"description":"Postprocess built player","duration":83217},{"description":"Call Post-Process callbacks","duration":0}],"duration":107733}
Development candidate build report: E:\Programming Projekte\worktrees\wt-agent-root-digital-dojo\artifacts\validation\unity-android-candidate-build.json
UnityEngine.Debug:ExtractStackTraceNoAlloc (byte*,int,string)
UnityEngine.StackTraceUtility:ExtractStackTrace ()
UnityEngine.DebugLogHandler:Internal_Log (UnityEngine.LogType,UnityEngine.LogOption,string,UnityEngine.Object)
UnityEngine.DebugLogHandler:LogFormat (UnityEngine.LogType,UnityEngine.Object,string,object[])
UnityEngine.Logger:Log (UnityEngine.LogType,object)
UnityEngine.Debug:Log (object)
GameRegressionChecks:BuildCandidate (UnityEditor.BuildTarget,string,string,string) (at Assets/Editor/GameRegressionChecks.cs:98)
GameRegressionChecks:BuildAndroidCandidate () (at Assets/Editor/GameRegressionChecks.cs:69)

(Filename: Assets/Editor/GameRegressionChecks.cs Line: 98)

Exception: Development candidate build failed: Failed
  at GameRegressionChecks.BuildCandidate (UnityEditor.BuildTarget target, System.String subdirectory, System.String fileName, System.String reportName) [0x00213] in E:\Programming Projekte\worktrees\wt-agent-root-digital-dojo\Assets\Editor\GameRegressionChecks.cs:101
  at GameRegressionChecks.BuildAndroidCandidate () [0x00052] in E:\Programming Projekte\worktrees\wt-agent-root-digital-dojo\Assets\Editor\GameRegressionChecks.cs:69
UnityEngine.StackTraceUtility:ExtractStringFromExceptionInternal(Object, String&, String&)

(Filename: Assets/Editor/GameRegressionChecks.cs Line: 101)

executeMethod method GameRegressionChecks.BuildAndroidCandidate threw exception.
[ExitDontLaunchBugReporter] Exiting without the bug reporter. Application will exit with return code 1
MonoPathRemapper: Attempts to remap: 44850; Successful remaps: 1894
Serialized file version minimum: 23, current 23
Curl error 42: Callback aborted
<b><color=#2EA3FF>MCP-FOR-UNITY</color></b>: No process found listening on port 8080
UnityEngine.Debug:ExtractStackTraceNoAlloc (byte*,int,string)
UnityEngine.StackTraceUtility:ExtractStackTrace ()
UnityEngine.DebugLogHandler:Internal_Log (UnityEngine.LogType,UnityEngine.LogOption,string,UnityEngine.Object)
UnityEngine.DebugLogHandler:LogFormat (UnityEngine.LogType,UnityEngine.Object,string,object[])
UnityEngine.Logger:Log (UnityEngine.LogType,object)
UnityEngine.Debug:Log (object)
MCPForUnity.Editor.Helpers.McpLog:Info (string,bool) (at ./Library/PackageCache/com.coplaydev.unity-mcp@13fb3ee12774/Editor/Helpers/McpLog.cs:40)
MCPForUnity.Editor.Services.ServerManagementService:StopLocalHttpServerInternal (bool,System.Nullable`1<int>,bool) (at ./Library/PackageCache/com.coplaydev.unity-mcp@13fb3ee12774/Editor/Services/ServerManagementService.cs:712)
MCPForUnity.Editor.Services.ServerManagementService:StopLocalHttpServer () (at ./Library/PackageCache/com.coplaydev.unity-mcp@13fb3ee12774/Editor/Services/ServerManagementService.cs:349)
MCPForUnity.Editor.Services.McpEditorShutdownCleanup:OnEditorQuitting () (at ./Library/PackageCache/com.coplaydev.unity-mcp@13fb3ee12774/Editor/Services/McpEditorShutdownCleanup.cs:60)
UnityEditor.EditorApplication:Internal_EditorApplicationQuit ()

(Filename: ./Library/PackageCache/com.coplaydev.unity-mcp@13fb3ee12774/Editor/Helpers/McpLog.cs Line: 40)

Starting: C:\Program Files\Unity\Hub\Editor\6000.6.0f1\Editor\Data\PlaybackEngines\AndroidPlayer\OpenJDK\bin\java.exe -classpath "C:\Program Files\Unity\Hub\Editor\6000.6.0f1\Editor\Data\PlaybackEngines\AndroidPlayer\Tools\gradle\lib\gradle-launcher-9.1.0.jar" org.gradle.launcher.GradleMain "-Dorg.gradle.jvmargs=-Xmx4096m" "--stop"
WorkingDir:
Build log was saved at 'E:\Programming Projekte\worktrees\wt-agent-root-digital-dojo\build\outputs\logs\unity---stop-build.log'
Killing ADB server in 0,0285359 seconds.
[Physics::Module] Cleanup current backend.
[Physics::Module] Id: 0xf2b8ea05
Input System module state changed to: ShutdownInProgress.
Input Polling Thread exited.
Input System module state changed to: Shutdown.
[Licensing::IpcConnector] LicenseClient-manmi-notifications channel disconnected successfully.
[Licensing::IpcConnector] LicenseClient-manmi channel disconnected successfully.
Lingering sessions upon destruction of worker manager
Unity Data Store service was successfully shut down
UDS shutting down local client system
AcceleratorClientConnectionCallback - disconnected - :0
Cleanup mono
CodeReloadManager destroyed
Checking for leaked weakptr:
  Found no leaked weakptrs.
[Package Manager] Server process was shutdown
##utp:{"type":"MemoryLeaks","version":2,"phase":"Immediate","time":1789371085426,"processId":10756,"allocatedMemory":16924983,"memoryLabels":[{"Default":203872},{"Permanent":15516},{"NewDelete":82231},{"Thread":4198688},{"Manager":36069},{"VertexData":8},{"Geometry":816},{"Texture":24},{"Shader":849988},{"Material":24},{"GfxDevice":88288},{"Animation":952},{"FreeType":8},{"FontEngine":736},{"Physics":1970},{"Physics2D":16},{"Serialization":16704},{"Input":42840},{"JobScheduler":256},{"TextLib":280},{"Mono":48},{"MonoCode":1152},{"ScriptingNativeRuntime":1338384},{"BaseObject":49808},{"Resource":1208},{"Renderer":2408},{"Transform":4685},{"File":16284},{"WebCam":616},{"Culling":32},{"Terrain":11442},{"Wind":24},{"STL":40},{"String":2117446},{"StaticString":3808},{"Utility":2675350},{"Curl":2478},{"PoolAlloc":2264},{"AI":80},{"TypeTree":20997},{"ScriptManager":12640},{"CodeReload":448},{"RuntimeInitializeOnLoadManager":64},{"Sprites":102},{"SpriteAtlas":120},{"GI":7816},{"Director":8296},{"CloudService":7152},{"WebRequest":592},{"VR":49650},{"SceneManager":608},{"Video":64},{"LazyScriptCache":32},{"Camera":729},{"Secure":2377},{"SerializationCache":9256},{"APIUpdating":10320},{"Subsystems":336},{"VirtualTexturing":57888},{"StaticSafetyDebugInfo":278528},{"Analytics":768},{"Hierarchy":1188},{"UIElements":40},{"CoreStats":14456},{"Identifiers":7152},{"Gui":128},{"EditorUtility":114934},{"VersionControl":8},{"Undo":931},{"AssetDatabase":4492590},{"AssetImporter":40},{"EditorGi":328},{"UnityConnect":40441},{"Upm":1912},{"UpmDiagnostics":8},{"AssetCompliance":96},{"DrivenProperties":72},{"LocalIPC":211},{"ProfilerEditor":9746},{"CoreBusinessMetrics":3620},{"Windowing":456},{"Licensing":1392},{"AssetReference":32},{"IPCStream":32}]}
